BlockHash,ID
AA3pasMaVoDG2fKwF1vOXrSKOt0CTgRP8iIWHcfzBRg=,UIGDjPaZ9N+QTZfiivtyvyDK/hmeqL3X+MeT/TzROA8=
AA3pasMaVoDG2fKwF1vOXrSKOt0CTgRP8iIWHcfzBRg=,1zIiDB5Kk+jjOzZaepYdjV7vBtlDcjNkxRYnr7hp+UM=
AA5ZRFG5eP7XKiNdJ7eYSN1Q8AGEfNnos2IpZsLzW58=,1XEtOWUySVaET6fMaA7FKYk/dTSWrpmzx/U5brKmO+g=
AA5ZRFG5eP7XKiNdJ7eYSN1Q8AGEfNnos2IpZsLzW58=,1zIiDB5Kk+jjOzZaepYdjV7vBtlDcjNkxRYnr7hp+UM=
AAHvYCKRlyjgGX/Hc67nwVUahaIZKyDo1RaBq/TRsWE=,h8exY8abGLDQ0FyuNkTVB/PAnSD8fxXeG0Jt8CFkYS0=
AAHvYCKRlyjgGX/Hc67nwVUahaIZKyDo1RaBq/TRsWE=,1zIiDB5Kk+jjOzZaepYdjV7vBtlDcjNkxRYnr7hp+UM=
AAzPmdtIu7gt4tQnOuAFAt/dm2McIZo/rl2SeDk4YIU=,2qZnT7a27MjDR5y4TMfmyl2/k5Sxl3oilq/jnWDbUIc=
AAzPmdtIu7gt4tQnOuAFAt/dm2McIZo/rl2SeDk4YIU=,1zIiDB5Kk+jjOzZaepYdjV7vBtlDcjNkxRYnr7hp+UM=
AA8Ob4WehptMLTe52n4La+1FYtolYwoXQs44gyaxiOM=,n6Hfqq8AUIojk5OQ3dq67Uhl40w9WTG+IHfJpAWSlEI=
AA8Ob4WehptMLTe52n4La+1FYtolYwoXQs44gyaxiOM=,1zIiDB5Kk+jjOzZaepYdjV7vBtlDcjNkxRYnr7hp+UM=
AAOqBuh2ggYgK1yNlVw9vh9laIqd23d8iOjeiANENlA=,CPiYeZte9f9in+EZ+fGMk25IbpFtzd9nyew8MX06L/o=
AAOqBuh2ggYgK1yNlVw9vh9laIqd23d8iOjeiANENlA=,1zIiDB5Kk+jjOzZaepYdjV7vBtlDcjNkxRYnr7hp+UM=
AAbGJqvTPNd7/TXH7nokYnkhgcemIJn9T+N43LB8les=,USz7xBD3cOhBMA/R7wlq3OCwWVTILZjtE8oZKKn9j1Y=
AAbGJqvTPNd7/TXH7nokYnkhgcemIJn9T+N43LB8les=,1zIiDB5Kk+jjOzZaepYdjV7vBtlDcjNkxRYnr7hp+UM=
AAu9kNOGVFc5ZSplF1gw+YO9R2Gxg1jViIsMIW1Tmjw=,IA3NHhFIWis5QEIvN64FoMv6fM6Agv9a5dxmP5wRWvM=
AAu9kNOGVFc5ZSplF1gw+YO9R2Gxg1jViIsMIW1Tmjw=,1zIiDB5Kk+jjOzZaepYdjV7vBtlDcjNkxRYnr7hp+UM=
AAb5Ek8dcNczBLQposBkgqsLKdOcT7bUloH2j0sXE+k=,w+KjUbnP1XztZqBCXULVYUw4befemHSyGS6VjWmLHLo=
AAb5Ek8dcNczBLQposBkgqsLKdOcT7bUloH2j0sXE+k=,1zIiDB5Kk+jjOzZaepYdjV7vBtlDcjNkxRYnr7hp+UM=
AAegk9AW5gOQApr9rxMdHxJDPy2ik0Ko9GMCOS2i6IM=,WKUcI42BAw2/KeJ8ZdNE/kQbIwSVARd5T4QvYr4awKA=
AAegk9AW5gOQApr9rxMdHxJDPy2ik0Ko9GMCOS2i6IM=,1zIiDB5Kk+jjOzZaepYdjV7vBtlDcjNkxRYnr7hp+UM=
AAdIYQJPdHd0Ol3Yn8X14wwA2ZDVQnVg0/Pn2LUxyJE=,+sovsCXLBO2XhYxuAQayrN4VaFet9HIRhVOPy6Msmrk=
AAdIYQJPdHd0Ol3Yn8X14wwA2ZDVQnVg0/Pn2LUxyJE=,1zIiDB5Kk+jjOzZaepYdjV7vBtlDcjNkxRYnr7hp+UM=
AA7xekKk2YISP1QotRyxsARqvemPRPJm2ryBIeTQ48M=,tDNJijcinxjCuJL3X94SYLDczQqdTg65fP+HAq48U20=
AA7xekKk2YISP1QotRyxsARqvemPRPJm2ryBIeTQ48M=,1zIiDB5Kk+jjOzZaepYdjV7vBtlDcjNkxRYnr7hp+UM=
AAJwRaqZqRSRRgxAu0cpMRrbtbut0Y+sY45xnOIBkDE=,fR9r5D1wq0OhjeJ23pG4TVNDOm0ImPzE/zgxcS7uRug=
AAJwRaqZqRSRRgxAu0cpMRrbtbut0Y+sY45xnOIBkDE=,1zIiDB5Kk+jjOzZaepYdjV7vBtlDcjNkxRYnr7hp+UM=
AAwNdl1J664fUItw0xRj0f9BcKvF7Zs9cC18N2kc6K0=,g2S59IMD2nXAnEIWYm5QljNTPvZbPU4RMDCfnRbAYZg=
AAwNdl1J664fUItw0xRj0f9BcKvF7Zs9cC18N2kc6K0=,1zIiDB5Kk+jjOzZaepYdjV7vBtlDcjNkxRYnr7hp+UM=
AATFrR1ZdLNVoMsy9TuVBHkAA5OrAmX7+wzFKkWJ428=,JV/af3oWmqxzRoIiLZslEsWhcVuCBf7+I7l1z9Ny4f8=
AATFrR1ZdLNVoMsy9TuVBHkAA5OrAmX7+wzFKkWJ428=,1zIiDB5Kk+jjOzZaepYdjV7vBtlDcjNkxRYnr7hp+UM=
AAlSeAUAXB1lygjjuoGXvO3cwM79kQH2llLq5DVZ8zs=,MKSoXa0kkfvKWRYQlzCZtTYZZaWFZqb3IUppG3d9E30=
AAlSeAUAXB1lygjjuoGXvO3cwM79kQH2llLq5DVZ8zs=,1zIiDB5Kk+jjOzZaepYdjV7vBtlDcjNkxRYnr7hp+UM=
AAR8xWiN+O1ofYdM0a0mHxOFtv5758O1lqZCXJhKA6A=,la9jeKcmdxM1v3hFGZ8aFeBUo5HSyQrcExgBZyUBcog=
AAR8xWiN+O1ofYdM0a0mHxOFtv5758O1lqZCXJhKA6A=,1zIiDB5Kk+jjOzZaepYdjV7vBtlDcjNkxRYnr7hp+UM=
AA3Pwsejoxl9BmZxsszkIS2SVbeHK4BFxe7mVkb8AKk=,gsYtQJryKx6PsDodmdA1JkBt7hzNlQbUOqROxqaWXIk=
AA3Pwsejoxl9BmZxsszkIS2SVbeHK4BFxe7mVkb8AKk=,1zIiDB5Kk+jjOzZaepYdjV7vBtlDcjNkxRYnr7hp+UM=
AA9JJLmXj+KPexjQsrTh1LSJGBz2oA7JoCzG2QwnH98=,6U8jwuqdxdmghOV1RwwstJJZlaenGM+mP1ESf0t3pPg=
AA9JJLmXj+KPexjQsrTh1LSJGBz2oA7JoCzG2QwnH98=,1zIiDB5Kk+jjOzZaepYdjV7vBtlDcjNkxRYnr7hp+UM=
AAdE0bojtPXotPRVCWFdxO7rTniyO8BWKxEGt7lrtfQ=,viIu3eBZJDY8fqkNhE7cPYcAKqpBmWQNi3T3Cn9OF9Q=
AAdE0bojtPXotPRVCWFdxO7rTniyO8BWKxEGt7lrtfQ=,1zIiDB5Kk+jjOzZaepYdjV7vBtlDcjNkxRYnr7hp+UM=
AAxgn0mNiH+kNflbhdmYqMMc+GcAYPvX8iMPV+Vt5ao=,U9sO5k4/NXCRlNeuOrqkUL9qORWdXvU7Sz8zcYkb1rw=
AAxgn0mNiH+kNflbhdmYqMMc+GcAYPvX8iMPV+Vt5ao=,1zIiDB5Kk+jjOzZaepYdjV7vBtlDcjNkxRYnr7hp+UM=
AAQYkfc4yHS4lntcakozPojJ5i1YKrN+4aNLNT4pfCg=,aiC/yPtSvsBAZU9+y0sthXNQHZnSU1Q3IZNTDTnlUAU=
AAQYkfc4yHS4lntcakozPojJ5i1YKrN+4aNLNT4pfCg=,1zIiDB5Kk+jjOzZaepYdjV7vBtlDcjNkxRYnr7hp+UM=
AAW/NI1yIJJ+TOIj652uFBPvCZqYpXqqisZj7O5AZP8=,KyFFo+ScISGXswFOs9knTgSbUYLaSXQIkPJnvBFOmSg=
AAW/NI1yIJJ+TOIj652uFBPvCZqYpXqqisZj7O5AZP8=,1zIiDB5Kk+jjOzZaepYdjV7vBtlDcjNkxRYnr7hp+UM=
AA15KdGBkrAqyPgKaa3ECvf/dFedIusAJ+LOnkXbKuA=,5FmyaG1INqo2e/o7Fvdr146TzFfCxuJRcaIDk2xQqyY=
AA15KdGBkrAqyPgKaa3ECvf/dFedIusAJ+LOnkXbKuA=,1zIiDB5Kk+jjOzZaepYdjV7vBtlDcjNkxRYnr7hp+UM=
AAMtA2oUok/HJTXSEYh0Rgl25B1rRabGUu+r8/kLzZM=,JTymnGq8WAgYhlgAvAUeVoytjqfUlkBxwJgrqFTQhuI=
AAMtA2oUok/HJTXSEYh0Rgl25B1rRabGUu+r8/kLzZM=,1zIiDB5Kk+jjOzZaepYdjV7vBtlDcjNkxRYnr7hp+UM=
AAiTLQNzql3aDpz4NWUVwt+koNUBjdtrfGhxJV5e4Mw=,7Fx/FlSZPeD/K/PhSF/1Buxj3G/pI7HyAojTvNUI/Xg=
AAiTLQNzql3aDpz4NWUVwt+koNUBjdtrfGhxJV5e4Mw=,1zIiDB5Kk+jjOzZaepYdjV7vBtlDcjNkxRYnr7hp+UM=
AAiVlprvM7MTwC6e8y7lMtusyy79wAQi5fgkO1G8N9s=,j3x01q/fl3mlzAXK30XX1BNKCnxQ/INR8TKfO01RCCA=
AAiVlprvM7MTwC6e8y7lMtusyy79wAQi5fgkO1G8N9s=,1zIiDB5Kk+jjOzZaepYdjV7vBtlDcjNkxRYnr7hp+UM=
AATUY4tEBOyJEdfKOo2N8sWfJ2U/wEFCpnjF4H3ccZk=,MOIQCMPqfclqP9inSNpbOZ7DRXcZzIDdWyqYww7/GnU=
AATUY4tEBOyJEdfKOo2N8sWfJ2U/wEFCpnjF4H3ccZk=,1zIiDB5Kk+jjOzZaepYdjV7vBtlDcjNkxRYnr7hp+UM=
AAQC6vcKn88/+pfFgKfjuzTUGnOwxpxUm2dZtKBkTNc=,nOj0vEWW9d0HfffzNNrP8oV2EvZwH3ZsSEQok1ne2lk=
AAQC6vcKn88/+pfFgKfjuzTUGnOwxpxUm2dZtKBkTNc=,1zIiDB5Kk+jjOzZaepYdjV7vBtlDcjNkxRYnr7hp+UM=
AAAV0Uen1zKp2YASxSltVcNZ/zIR57FL4/4urWT0/5Y=,eTH0wT+hhYa92ZzBXxqm/7dApZE7+TyUk6Vg6dsyZn0=
AAAV0Uen1zKp2YASxSltVcNZ/zIR57FL4/4urWT0/5Y=,1zIiDB5Kk+jjOzZaepYdjV7vBtlDcjNkxRYnr7hp+UM=
AABC7hFbHXXzukYnNXV2LhJsEHr5GAp5lH+7nnHdvqg=,tWNVXFQGvZoFq3upERyXoTdvFKq6EJvtk+i5bgh3fjk=
AABC7hFbHXXzukYnNXV2LhJsEHr5GAp5lH+7nnHdvqg=,1zIiDB5Kk+jjOzZaepYdjV7vBtlDcjNkxRYnr7hp+UM=
AANOOXWHy9sb1x6CysyKTuBNQJWQtxQ6H6AoPHVj1dg=,3Yp3icd08L+DIsW6uHBImOuFfHiGM/P+8j5yB5TFDSM=
AANOOXWHy9sb1x6CysyKTuBNQJWQtxQ6H6AoPHVj1dg=,1zIiDB5Kk+jjOzZaepYdjV7vBtlDcjNkxRYnr7hp+UM=
AA8ZAZzOZldtt+t3uDcJFFo3PE2teFUmXJhcXn/+xdA=,U94J8cdMRb8hGl2OqxHZwN50MPwkgHV6Bfaq4PmB29o=
AA8ZAZzOZldtt+t3uDcJFFo3PE2teFUmXJhcXn/+xdA=,1zIiDB5Kk+jjOzZaepYdjV7vBtlDcjNkxRYnr7hp+UM=
AA6D9o9D5KpWduau5J9yB+KoUuAFPNU7vMGdqo0iyIs=,nJZFYmaCZAh03A4Szeequ1+C5cbMGmfNh0bN9bp0Riw=
AA6D9o9D5KpWduau5J9yB+KoUuAFPNU7vMGdqo0iyIs=,1zIiDB5Kk+jjOzZaepYdjV7vBtlDcjNkxRYnr7hp+UM=
AA8p+3h36Sf1S+1ICGQKaaWOLIYmXYAPPA4VXU4WDlg=,YV/6sjgl6q4CN9uHTfDKgQFFIu9CJjH6ncAUCLsaTyA=
AA8p+3h36Sf1S+1ICGQKaaWOLIYmXYAPPA4VXU4WDlg=,1zIiDB5Kk+jjOzZaepYdjV7vBtlDcjNkxRYnr7hp+UM=
AAOXpKA6S8NF3CxqB0OYOJGaXz5Xiy/+7DoQNVB7i4Q=,NBv5KbirRFUScUp4WswNUgZn0pPFiDmBT4Iw9xN2xuQ=
AAOXpKA6S8NF3CxqB0OYOJGaXz5Xiy/+7DoQNVB7i4Q=,1zIiDB5Kk+jjOzZaepYdjV7vBtlDcjNkxRYnr7hp+UM=
AAC2bNQgwGLdMAcphJRlxOjXcxT/7bui1iru0yuuh+o=,nlXlDZPAN5gcnfHxMa70LdYtmnVcvYxtTA096iC/DPM=
AAC2bNQgwGLdMAcphJRlxOjXcxT/7bui1iru0yuuh+o=,1zIiDB5Kk+jjOzZaepYdjV7vBtlDcjNkxRYnr7hp+UM=
AABc0+flssO2xDNKwAyAS5tW+E7/5Ejt+KTpOcaaE+w=,3BgJXUdkisVWjJi1fWkR0V6EudLmb5KcbiO9i1ijjOU=
AABc0+flssO2xDNKwAyAS5tW+E7/5Ejt+KTpOcaaE+w=,1zIiDB5Kk+jjOzZaepYdjV7vBtlDcjNkxRYnr7hp+UM=
AAuZB0Xv/VkGmRfowl58UTwnyJaCduOhIEYmt77msFM=,dkdcWHKvhisn/2NpDhWiXExIqtZIlRIYjNIyM0VllvU=
AAuZB0Xv/VkGmRfowl58UTwnyJaCduOhIEYmt77msFM=,1zIiDB5Kk+jjOzZaepYdjV7vBtlDcjNkxRYnr7hp+UM=
AAS24ZjYlyvUtA02JMdMm0iDrq9H6lJtT45S9R96lDY=,RKKiMbtq9GN1BpSdKf0nQc5i43JgxPJ+qh1SqE/c3U0=
AAS24ZjYlyvUtA02JMdMm0iDrq9H6lJtT45S9R96lDY=,1zIiDB5Kk+jjOzZaepYdjV7vBtlDcjNkxRYnr7hp+UM=
AAivqtdryGPte/5FQHuQpSTY5XI9yLtb39ZKzuQHS/Y=,S00ob0Y1YFTRqrtKhQrNtbVGeKuvzlvWQTMVAXeBwA4=
AAivqtdryGPte/5FQHuQpSTY5XI9yLtb39ZKzuQHS/Y=,1zIiDB5Kk+jjOzZaepYdjV7vBtlDcjNkxRYnr7hp+UM=
AAelyfD34ng9RMrGsZtvhz1qTPmkKBogm3bGQw700T4=,p81oEAYhR4MDYpw5SdW/cVtHjbYos4EE8H8G2IF5RwU=
AAelyfD34ng9RMrGsZtvhz1qTPmkKBogm3bGQw700T4=,1zIiDB5Kk+jjOzZaepYdjV7vBtlDcjNkxRYnr7hp+UM=
AAQ/CToPPaKKLO6L2M2hggOBzpsNnGGv7VlcAsIpTzI=,jJCXmlW6KIsBVq/MroTjMnjX4JhfpKsBSYDJR7zAfZc=
AAQ/CToPPaKKLO6L2M2hggOBzpsNnGGv7VlcAsIpTzI=,1zIiDB5Kk+jjOzZaepYdjV7vBtlDcjNkxRYnr7hp+UM=
AAOXjjjWJyov2n1TlBdAH8Tc8cvsYorWQ20+e/Saomo=,A1qrDXrALlRx7qPEsg0pfoVwuQQMCjnyCn6VmCUzGGs=
AAOXjjjWJyov2n1TlBdAH8Tc8cvsYorWQ20+e/Saomo=,1zIiDB5Kk+jjOzZaepYdjV7vBtlDcjNkxRYnr7hp+UM=
AAcgzGqTk5ketS9MSInD43IeZNixoSVfz7NxrPFTSps=,+PMSYG1wpZeQJHvH+uQ/Pf/o5+sjHkCgcUlMJWrH/hA=
AAcgzGqTk5ketS9MSInD43IeZNixoSVfz7NxrPFTSps=,1zIiDB5Kk+jjOzZaepYdjV7vBtlDcjNkxRYnr7hp+UM=
AAElbyWXq9894yOkhX3Ur0nHneSbK1zknlPhQmsBJDk=,xUoiWQW5vbQiruj/sMTXIi8uNWYwVMeY7GsxlwcpFFs=
AAElbyWXq9894yOkhX3Ur0nHneSbK1zknlPhQmsBJDk=,1zIiDB5Kk+jjOzZaepYdjV7vBtlDcjNkxRYnr7hp+UM=
AAnIjb3FLGnUqtbafsQpUPp2nAHrXbmjU8TScM9+MvA=,aC26E/amujyxxljJNfqLDUIt/Ouu56QgQa3SiOrQ7/M=
AAnIjb3FLGnUqtbafsQpUPp2nAHrXbmjU8TScM9+MvA=,1zIiDB5Kk+jjOzZaepYdjV7vBtlDcjNkxRYnr7hp+UM=
AAdr33s9PCa9NT+y17y44oreaVwNBlD+a7iwhiduE6U=,TuivtUy2UzEa9wi1EFrVqKGhR1gRYd5Gp8bxh3+ZLYM=
AAdr33s9PCa9NT+y17y44oreaVwNBlD+a7iwhiduE6U=,1zIiDB5Kk+jjOzZaepYdjV7vBtlDcjNkxRYnr7hp+UM=
AATUMdigiClJzJ6Ts3mzMJg/no/r/QLKUQS4+1C9/ls=,CNlutpqZXHiYr+R/nHs59dRQ1cAVS0mFAXWu63M1C/0=
AATUMdigiClJzJ6Ts3mzMJg/no/r/QLKUQS4+1C9/ls=,1zIiDB5Kk+jjOzZaepYdjV7vBtlDcjNkxRYnr7hp+UM=
AAg7c7hehMsUlHSX9+hHWLRrZTIH8rzLx2VrtJ2OhfE=,3fvEJc+aCRqmLV3x8J9+OiEZXLPI8vGVEV/mhmOMNFg=
AAg7c7hehMsUlHSX9+hHWLRrZTIH8rzLx2VrtJ2OhfE=,1zIiDB5Kk+jjOzZaepYdjV7vBtlDcjNkxRYnr7hp+UM=
AAOYs9U78Jupx0rlm6k/JBWY1Jsuc8DdFGbaOUZs3M8=,UIZ0hZvOZ3W9cYhdd6eBR17MO95RG5B3BQGvOgthWXM=
AAOYs9U78Jupx0rlm6k/JBWY1Jsuc8DdFGbaOUZs3M8=,1zIiDB5Kk+jjOzZaepYdjV7vBtlDcjNkxRYnr7hp+UM=
AAp6NY/343emrQe6xpEtbFaWho7+iDauLaeuAoUC9YQ=,hjTp89t/Qunf6ZRmueFYZTyZzdQnmMciRL1hFM/HtMY=
AAp6NY/343emrQe6xpEtbFaWho7+iDauLaeuAoUC9YQ=,1zIiDB5Kk+jjOzZaepYdjV7vBtlDcjNkxRYnr7hp+UM=
AAO8B6b8nev/sUpbATH6aTm28bQYblfEQAMqpgYLYuI=,ne1PAuvgRm5lb+gp+7aE2SIm5Rkgtnt9lhNzm2fpT7U=
AAO8B6b8nev/sUpbATH6aTm28bQYblfEQAMqpgYLYuI=,1zIiDB5Kk+jjOzZaepYdjV7vBtlDcjNkxRYnr7hp+UM=
AAKFB+9iU6R5i3ST5IvmEIcbtvHzvM0/7XcVWsDzGCc=,33FpibAiJC6vWvBhZGu4KlBB9g6b+AdWVlsGfW8ep5s=
AAKFB+9iU6R5i3ST5IvmEIcbtvHzvM0/7XcVWsDzGCc=,1zIiDB5Kk+jjOzZaepYdjV7vBtlDcjNkxRYnr7hp+UM=
AAADckVEJ5z0rC/Y6svdAmG0UiK2oiK4sRdYTpi+nUs=,QgbDry8rJK8lN6ykbD+gVByjahB03NKrE51B+bXJa8k=
AAADckVEJ5z0rC/Y6svdAmG0UiK2oiK4sRdYTpi+nUs=,1zIiDB5Kk+jjOzZaepYdjV7vBtlDcjNkxRYnr7hp+UM=
AAHVVCn2nmzIbHbS60y+gVT8ZtiELiiCicZqZsbUbBc=,MxxW4Z98f24W9RvlDXKGX/07Obp7nmcZHi1b8Qm3+/g=
AAHVVCn2nmzIbHbS60y+gVT8ZtiELiiCicZqZsbUbBc=,1zIiDB5Kk+jjOzZaepYdjV7vBtlDcjNkxRYnr7hp+UM=
AApOrFeOGh+EZ+TTwct+q8/+vYoLGk1EOdQBAQ1bKcw=,EHdJNR9jAcqv+dbChamtOhfzI5Y7lO9xzlixUD9hCJ0=
AApOrFeOGh+EZ+TTwct+q8/+vYoLGk1EOdQBAQ1bKcw=,1zIiDB5Kk+jjOzZaepYdjV7vBtlDcjNkxRYnr7hp+UM=
AAmallWFbP097CnhF+Cpa1MeFTW0NLuyVnHg0sbW0fU=,+zmLg/XHWMz43BHlK1UrRu8DRpytEZW6e0kK4yeuyyE=
AAmallWFbP097CnhF+Cpa1MeFTW0NLuyVnHg0sbW0fU=,1zIiDB5Kk+jjOzZaepYdjV7vBtlDcjNkxRYnr7hp+UM=
AAmuzjyDJs29ndlcgm9BZrvc3czCdHxaKVdFSz5A7TI=,+vhSUiv7IuRfWWLpgplLTYninImffMyBZIjpNdjmJns=
AAmuzjyDJs29ndlcgm9BZrvc3czCdHxaKVdFSz5A7TI=,1zIiDB5Kk+jjOzZaepYdjV7vBtlDcjNkxRYnr7hp+UM=
AA8weg55C1ddKTpkNt/0JkQ7JoJZ4/A6IiAXiukELB8=,gEM0KI00/qyzy9wSGfZlhihIsyf/CKD5+bhFsvAVrZg=
AA8weg55C1ddKTpkNt/0JkQ7JoJZ4/A6IiAXiukELB8=,1zIiDB5Kk+jjOzZaepYdjV7vBtlDcjNkxRYnr7hp+UM=
AAi6SN3vaDF+3jSJgWjBl0xZqVoFOgbGXOsTR8T0j/0=,+QAgV6L9oWhOuGMzoOCmMhbhM4/b5utJGcoSTSbztnA=
AAi6SN3vaDF+3jSJgWjBl0xZqVoFOgbGXOsTR8T0j/0=,1zIiDB5Kk+jjOzZaepYdjV7vBtlDcjNkxRYnr7hp+UM=
AANHXRiihEHS1COFmve2I4jt11ij2soue8e/smX55gc=,mzoAT0a7enJCngYzpZLb9NN4EqYH1ODR9nQQtaciFM8=
AANHXRiihEHS1COFmve2I4jt11ij2soue8e/smX55gc=,1zIiDB5Kk+jjOzZaepYdjV7vBtlDcjNkxRYnr7hp+UM=
AAvBoop3mVyIpUafTuWrppwZ21eLMHd7A71ma8KTwug=,GMEoECwBXQ9CobMiwm11DX5e0H65aU5uTaBrBVbCXE4=
AAvBoop3mVyIpUafTuWrppwZ21eLMHd7A71ma8KTwug=,1zIiDB5Kk+jjOzZaepYdjV7vBtlDcjNkxRYnr7hp+UM=
AAUgItmQHSXreTdR0MZwsnJwggHCKig5Nm1/+NPT81c=,MSU5d9A5SB1JtjFlgv1EZhITXKfFqqDgdbrmx/2UllI=
AAUgItmQHSXreTdR0MZwsnJwggHCKig5Nm1/+NPT81c=,1zIiDB5Kk+jjOzZaepYdjV7vBtlDcjNkxRYnr7hp+UM=
AAbpw/acGNWTDWTg50ZHpEe/tCbvoG7ke6Pfq6qGigY=,2almpx5J698l2ry55owRawPaVjSzWTNUAWs82hftHJY=
AAbpw/acGNWTDWTg50ZHpEe/tCbvoG7ke6Pfq6qGigY=,1zIiDB5Kk+jjOzZaepYdjV7vBtlDcjNkxRYnr7hp+UM=
AApNqT8UuVnnCQ9fXanbcsNUgCxJuSeLnyYLiM7YAfM=,u/CzYp5wJcvXHwdQFv0If6l71ztkAsLAfUIoCvr6QcI=
AApNqT8UuVnnCQ9fXanbcsNUgCxJuSeLnyYLiM7YAfM=,VTpcHPzkJ+iQMrOM0KsZRVTpE0WXN/Q0DZlD4u/obgQ=
AApNqT8UuVnnCQ9fXanbcsNUgCxJuSeLnyYLiM7YAfM=,1zIiDB5Kk+jjOzZaepYdjV7vBtlDcjNkxRYnr7hp+UM=
AAxeMigPmVZmezQLm+gJWg3f9jlSHcB6vN+22zIWuZI=,bXL1L4ibWg8Nxgxpbjsl3YfVEsIZqnYn+SrQYcnCEOc=
AAxeMigPmVZmezQLm+gJWg3f9jlSHcB6vN+22zIWuZI=,1IQBCkH/q3TkVQuHtqy8E5Kx6UcUJvBn70wHpT3SVZQ=
AAxeMigPmVZmezQLm+gJWg3f9jlSHcB6vN+22zIWuZI=,1zIiDB5Kk+jjOzZaepYdjV7vBtlDcjNkxRYnr7hp+UM=
AANd85pLMlsChQx0SIGRnJY1UFwTLe8VH8Xh82mWbxY=,368toPa53U3RMiap5YN0oNRCgJ8jFDryQTybnHftZnk=
AANd85pLMlsChQx0SIGRnJY1UFwTLe8VH8Xh82mWbxY=,HyG/MAmSLARV2Gno9BP0ZdxHB/ycZzSSVAZh0quGiEs=
AANd85pLMlsChQx0SIGRnJY1UFwTLe8VH8Xh82mWbxY=,1zIiDB5Kk+jjOzZaepYdjV7vBtlDcjNkxRYnr7hp+UM=
AAM1zS/QYF3iySO/dY+Q2fKVm45ljvGZk1/IFfP4NSc=,79JDpwa5WtgUvjdbjzFCcZytahdwVGt9jOHYwQuOPLQ=
AAM1zS/QYF3iySO/dY+Q2fKVm45ljvGZk1/IFfP4NSc=,mygglGfkj9S6ppc28M0p8elY906yRaMob30iBZJqaqE=
AAM1zS/QYF3iySO/dY+Q2fKVm45ljvGZk1/IFfP4NSc=,1zIiDB5Kk+jjOzZaepYdjV7vBtlDcjNkxRYnr7hp+UM=
AA0yWM2ZceC/KYyBkG81YhOYZzQFxQhKfOXlUKvW8mk=,POs4I6RfEmePIbTu7LQfJwxJEcGs09d41m4IgV2lICA=
AA0yWM2ZceC/KYyBkG81YhOYZzQFxQhKfOXlUKvW8mk=,YfJTl+J6KzLuXwYnCDXmo83nfSODecN1eCMQF/j+5lI=
AA0yWM2ZceC/KYyBkG81YhOYZzQFxQhKfOXlUKvW8mk=,1zIiDB5Kk+jjOzZaepYdjV7vBtlDcjNkxRYnr7hp+UM=
AAgEKhueZxmEYOKByJkU77AUVwCPaQgbHfnYAlGDtL0=,2eiNX6Y0MRVdkRpara0XYw6wf4bmUZN89we9Ji0WV0c=
AAgEKhueZxmEYOKByJkU77AUVwCPaQgbHfnYAlGDtL0=,rbfCC1l08hBWPtVZtfATqciFShs5seOWinhzRziz6a4=
AAgEKhueZxmEYOKByJkU77AUVwCPaQgbHfnYAlGDtL0=,1zIiDB5Kk+jjOzZaepYdjV7vBtlDcjNkxRYnr7hp+UM=
AAGw2dB/AlltL9hjU8kgdjkxVSVSW7NiQ0JNeWS8d4o=,+8HF9ojXhpOhiJEZ/QyznZeTf9Gz6gRXIYh6hVB4w2M=
AAGw2dB/AlltL9hjU8kgdjkxVSVSW7NiQ0JNeWS8d4o=,ui0pkszsq24j4YQzMGaodRzV36iTkbW1tv0ziBTPams=
AAGw2dB/AlltL9hjU8kgdjkxVSVSW7NiQ0JNeWS8d4o=,1zIiDB5Kk+jjOzZaepYdjV7vBtlDcjNkxRYnr7hp+UM=
AAAFonYOF/86pEU29ZVy0gNMpu2yFkmE0VKbWA0hGIc=,XUXksqquLsb3z1rV24uhzTOtZA5xM0c/FhpWbdbDESY=
AAAFonYOF/86pEU29ZVy0gNMpu2yFkmE0VKbWA0hGIc=,sOaVLFQOH92s1lY3X2g+3G4rIv9vRZCQenxcncCHEXI=
AAAFonYOF/86pEU29ZVy0gNMpu2yFkmE0VKbWA0hGIc=,1zIiDB5Kk+jjOzZaepYdjV7vBtlDcjNkxRYnr7hp+UM=
AA30efY5tYUusiX2Do+FyV9oM4YMqqjjB/tIrTURVw0=,Ex6zihJnMRFkBTJO6OfWlqxdJl+11cdzoPL3iOUp/68=
AA30efY5tYUusiX2Do+FyV9oM4YMqqjjB/tIrTURVw0=,PsdgHYzHa6JqsGbQ09pO2FXV2vL+vsIVvLYP96uAoUc=
AA30efY5tYUusiX2Do+FyV9oM4YMqqjjB/tIrTURVw0=,1zIiDB5Kk+jjOzZaepYdjV7vBtlDcjNkxRYnr7hp+UM=
AAlf4E6pqKdNfOKxf6l4a9hx1h/YW2tfI/O9Rw7arKs=,Wp1GEmpBMFoJHXlkrPUOksBkCLpsszE8xcwcGIjl1Mk=
AAlf4E6pqKdNfOKxf6l4a9hx1h/YW2tfI/O9Rw7arKs=,iEalbcPlZkVcGR3heTe2mrcHAnLiHfm5KwuqTrPJ0fw=
AAlf4E6pqKdNfOKxf6l4a9hx1h/YW2tfI/O9Rw7arKs=,1zIiDB5Kk+jjOzZaepYdjV7vBtlDcjNkxRYnr7hp+UM=
AAjH0WxyvyoTNRBlB/9liYCU2f+TzkT0NbVXJ1+oU/8=,josKQW3p5S4dHEYTd5ZrFNRGJkbnLlGdam15wAYwVDE=
AAjH0WxyvyoTNRBlB/9liYCU2f+TzkT0NbVXJ1+oU/8=,vYrZ9/Wf/h92oGJraFGS5cLcdw4JGOjgPbjsHyB4gkQ=
AAjH0WxyvyoTNRBlB/9liYCU2f+TzkT0NbVXJ1+oU/8=,1zIiDB5Kk+jjOzZaepYdjV7vBtlDcjNkxRYnr7hp+UM=
AAyf7ZUjEhalFkspfB8AuwkSRkZvlLCwxoEJw6Dg7eI=,4EDbqN77Wn2qLaVMKff9SHFO+V+u5HtudPGeIYw5okA=
AAyf7ZUjEhalFkspfB8AuwkSRkZvlLCwxoEJw6Dg7eI=,4crtFXVLUS+2B1SigLiMX3aJt1+j5tHJkLDp/y5AnIM=
AAyf7ZUjEhalFkspfB8AuwkSRkZvlLCwxoEJw6Dg7eI=,1zIiDB5Kk+jjOzZaepYdjV7vBtlDcjNkxRYnr7hp+UM=
AAJl08dZjH5YqRlUFAlcwCCZakJDw8pZB0S5UN9GlLQ=,vaw6U6M7niVgNMxsPkdGjZd95XKmXwzgywSmgn/SN5o=
AAJl08dZjH5YqRlUFAlcwCCZakJDw8pZB0S5UN9GlLQ=,7yrFuLCMD2yaBhi92m4E+59jbN2uBzme0WpXQyDfbFM=
AAJl08dZjH5YqRlUFAlcwCCZakJDw8pZB0S5UN9GlLQ=,1zIiDB5Kk+jjOzZaepYdjV7vBtlDcjNkxRYnr7hp+UM=
AAcxvFQJ8JeLen46PiUVEV2bC+3omJ8a9R8DWRwBT5c=,95Jy9kgqSVE2D3TEQl0+TCQPDOgB9/O1I4fQpRuljH4=
AAcxvFQJ8JeLen46PiUVEV2bC+3omJ8a9R8DWRwBT5c=,rVXiimeiGQ4vWABnhS9iAqAFX4hp/JNalTOMQ3khsa8=
AAcxvFQJ8JeLen46PiUVEV2bC+3omJ8a9R8DWRwBT5c=,1zIiDB5Kk+jjOzZaepYdjV7vBtlDcjNkxRYnr7hp+UM=
AAO69a4gHCahWGbPj9X33SruK4sSImPUnqW1dd4RqXs=,7DXo/TM+DH2LiMKmZdya7fkLGV9iHXUHmq9wyEifvH4=
AAO69a4gHCahWGbPj9X33SruK4sSImPUnqW1dd4RqXs=,oleNPnfMBwls11TYb8FVOqmSLhqandWPnpsHM+p/GvM=
AAO69a4gHCahWGbPj9X33SruK4sSImPUnqW1dd4RqXs=,1zIiDB5Kk+jjOzZaepYdjV7vBtlDcjNkxRYnr7hp+UM=
AArV7AR4u+MTz7B6/57kBtAei0sqwxCQK0FQQzmDEt8=,xJE7IbbnztE6+Urz7ccMzCRC0WD2H3LzBthEET4ULrg=
AArV7AR4u+MTz7B6/57kBtAei0sqwxCQK0FQQzmDEt8=,jajhcxZmS2HWCsIqN2uzrAzc3qEOgb7SA6coJvTJD0w=
AArV7AR4u+MTz7B6/57kBtAei0sqwxCQK0FQQzmDEt8=,1zIiDB5Kk+jjOzZaepYdjV7vBtlDcjNkxRYnr7hp+UM=
AAZc3FtSf/DO94+i9tAlXT1RrbXgQj9ET/1qzNVb2r8=,Jy99PWo0unkaHyYYXuFZ/Rx3RUxXc6eQH1dUTZJ0OPM=
AAZc3FtSf/DO94+i9tAlXT1RrbXgQj9ET/1qzNVb2r8=,nAlQDlJTE0Dug1QbvJxYZ4KdoTfmsHSumj64BKqD2d8=
AAZc3FtSf/DO94+i9tAlXT1RrbXgQj9ET/1qzNVb2r8=,1zIiDB5Kk+jjOzZaepYdjV7vBtlDcjNkxRYnr7hp+UM=
AAvHtcNdNIB/thbBMJEKt3qaqdq20++t7jMoV/TyBjw=,edCy3KGH0ILLoai6RI/tODQYgwmNzeiFdm1gnzXvPy8=
AAvHtcNdNIB/thbBMJEKt3qaqdq20++t7jMoV/TyBjw=,Bv2uHDf9QkPk6DEh5a4Rnz/Pr9xyPo3fq8/x9gzDPTY=
AAvHtcNdNIB/thbBMJEKt3qaqdq20++t7jMoV/TyBjw=,1zIiDB5Kk+jjOzZaepYdjV7vBtlDcjNkxRYnr7hp+UM=
AAEaXL+VSl+cSds40fwdaf/EbbAzNcFNo3wHHs8BXvg=,tn6rYVjmKKdd7J8oyMbAqtE1gqhuWhjwsjQ9kmtuhnY=
AAEaXL+VSl+cSds40fwdaf/EbbAzNcFNo3wHHs8BXvg=,N4fnzrXtj4ZNCPe6T1R5CkdHLsIG6fo8VNe3YY6mbLE=
AAEaXL+VSl+cSds40fwdaf/EbbAzNcFNo3wHHs8BXvg=,1zIiDB5Kk+jjOzZaepYdjV7vBtlDcjNkxRYnr7hp+UM=
AA2e6Og28XVsb5rd7YTtU9EgkCQ9x20cmiXy0iSB5Zo=,h7Oz4g29qfYW7cIKlnWwJ4vm/62IyFLQOvy3zTH3gzU=
AA2e6Og28XVsb5rd7YTtU9EgkCQ9x20cmiXy0iSB5Zo=,SlCACm2+f6ye5eBYHkach6vqFnYegSZkfd1qAyWVFLI=
AA2e6Og28XVsb5rd7YTtU9EgkCQ9x20cmiXy0iSB5Zo=,1zIiDB5Kk+jjOzZaepYdjV7vBtlDcjNkxRYnr7hp+UM=
AAevA5So7P7JOWvVD++LJXVmLAeLkxxXIMISwbuWXhk=,HgHk3pjeXee0B5U6jM4Ws6lstIkcilwh2CJl7Gw8yrw=
AAevA5So7P7JOWvVD++LJXVmLAeLkxxXIMISwbuWXhk=,vL25W2n/nuMMmv28JrFv7lJN8R7PJHk/L32s9jbT89g=
AAevA5So7P7JOWvVD++LJXVmLAeLkxxXIMISwbuWXhk=,1zIiDB5Kk+jjOzZaepYdjV7vBtlDcjNkxRYnr7hp+UM=
AA36mncluUVZLOIh//YPK9yQzfiY2869VwSfzDUZMf0=,S7I2qiJZbxeut0dpU3A1xUoE7eGz+GnADVHujNlR4z8=
AA36mncluUVZLOIh//YPK9yQzfiY2869VwSfzDUZMf0=,EE93z4jX7ZFR0FxG3y0MZb4tIgy+2G+WVwjnUlQHUYQ=
AA36mncluUVZLOIh//YPK9yQzfiY2869VwSfzDUZMf0=,1zIiDB5Kk+jjOzZaepYdjV7vBtlDcjNkxRYnr7hp+UM=
AA5ckbbGXR4+NgtZQ+2MfsMZNcVEf6aochlUyKdiHbk=,zWIricbg0YA3gP75Fo/vQFbk5ig6TwPFRiWaN2Heofo=
AA5ckbbGXR4+NgtZQ+2MfsMZNcVEf6aochlUyKdiHbk=,etbz6glQQk96n8I0TdPqYl3KvjJoBQ4zdcSCkrcvEdE=
AA5ckbbGXR4+NgtZQ+2MfsMZNcVEf6aochlUyKdiHbk=,1zIiDB5Kk+jjOzZaepYdjV7vBtlDcjNkxRYnr7hp+UM=
AAaTyqV5KdJY8kCUR88tfhSFYVu3FkW3ZUtgX/WFu2Y=,NzvYwv9cA1m+qAc1z5tc3GHR0PxBp5UG2nAAHz94neM=
AAaTyqV5KdJY8kCUR88tfhSFYVu3FkW3ZUtgX/WFu2Y=,+QrXMF7edJMfnHBOTWfv+0aA/1nZtMzw+AZr2YnbXlY=
AAaTyqV5KdJY8kCUR88tfhSFYVu3FkW3ZUtgX/WFu2Y=,1zIiDB5Kk+jjOzZaepYdjV7vBtlDcjNkxRYnr7hp+UM=
AAcjNqT0N5L6Au1rw0yEf0s9HiwOuHJw7XDeUkDgdhc=,9rKJFTEutnJCRIlcFZ9A+5MjMF1chP4aEI5BN/c2G0c=
AAcjNqT0N5L6Au1rw0yEf0s9HiwOuHJw7XDeUkDgdhc=,Eq7xRZX0X8uQc3WlKK7SqNZNGp/suKEAIH8m+T/hfRE=
AAcjNqT0N5L6Au1rw0yEf0s9HiwOuHJw7XDeUkDgdhc=,1zIiDB5Kk+jjOzZaepYdjV7vBtlDcjNkxRYnr7hp+UM=
AAFafyK8WLZHfPDKtTdMqTM0NHGkjvGa25DJL+yyXws=,zMrzA/28OmeXx+tywZiHxlXhI9TkCEdMc1a2Mzr3lp0=
AAFafyK8WLZHfPDKtTdMqTM0NHGkjvGa25DJL+yyXws=,P98VvlqAPWNzmy7ZW1PoLMR4tJQqW3tX6+jC7gB2+Hk=
AAFafyK8WLZHfPDKtTdMqTM0NHGkjvGa25DJL+yyXws=,1zIiDB5Kk+jjOzZaepYdjV7vBtlDcjNkxRYnr7hp+UM=
AAZZBUnFOKaRcdPhigFiEL5fvf/Wb9tqrNTx3n1Ccjs=,TVdsLl4AOqS8cXwljsxjhgnL5deEjuY0PjjWmPF2M+Q=
AAZZBUnFOKaRcdPhigFiEL5fvf/Wb9tqrNTx3n1Ccjs=,UsnMWjTvrdgmf73fup/f7k5Axml3ozunBuqXs3JpxKU=
AAZZBUnFOKaRcdPhigFiEL5fvf/Wb9tqrNTx3n1Ccjs=,1zIiDB5Kk+jjOzZaepYdjV7vBtlDcjNkxRYnr7hp+UM=
AABHFcgq5aL0whFJMYgme+igU6U0u9qumK9VLpMrC7M=,fxg2Iqb+jSRxqV5ZKgLLnGdypEn7WkPlrduI7KNfYoM=
AABHFcgq5aL0whFJMYgme+igU6U0u9qumK9VLpMrC7M=,GV8hISe7rPDlQUSVHoGZSvearFKP6+Bbg7D1fxxgYOI=
AABHFcgq5aL0whFJMYgme+igU6U0u9qumK9VLpMrC7M=,1zIiDB5Kk+jjOzZaepYdjV7vBtlDcjNkxRYnr7hp+UM=
AAX0+phNSlL3XnrfxkuLS/GdieVuLFTuwhz1gkLctF0=,ZHp/DsTTIQCUeNNi0LmNbfayrZ8v1xWEmXdNCNFSZFY=
AAX0+phNSlL3XnrfxkuLS/GdieVuLFTuwhz1gkLctF0=,FozOmXNjBkCz/xmSSPUU6IMSkPsDJTXUG1TymQY0xt0=
AAX0+phNSlL3XnrfxkuLS/GdieVuLFTuwhz1gkLctF0=,1zIiDB5Kk+jjOzZaepYdjV7vBtlDcjNkxRYnr7hp+UM=
AAFT499QMPin+b5Oqbt9qmQSyNs/hL9NHx0Npn1wo00=,kOF60AloyT40TwBbfoCIN9VQ+Cs5B3KVS/Wv4M9wioA=
AAFT499QMPin+b5Oqbt9qmQSyNs/hL9NHx0Npn1wo00=,Rfs/gkXt/txPGWdeYgrMUwxhz7XzCydcXpcuzgxTLIg=
AAFT499QMPin+b5Oqbt9qmQSyNs/hL9NHx0Npn1wo00=,1zIiDB5Kk+jjOzZaepYdjV7vBtlDcjNkxRYnr7hp+UM=
AAi/vuocpUiNUvEMNk28Pfp5s8mEMRQluPN2SoH3nms=,ILNyHlH6DoqKEvVUP1N48ZpTc308M11lv/o9mSuwpO0=
AAi/vuocpUiNUvEMNk28Pfp5s8mEMRQluPN2SoH3nms=,WuIO3hfbnHL3hTAcwDddR1WAvCuE1hOtxllqgZbJHTA=
AAi/vuocpUiNUvEMNk28Pfp5s8mEMRQluPN2SoH3nms=,1zIiDB5Kk+jjOzZaepYdjV7vBtlDcjNkxRYnr7hp+UM=
AAEp+wPU159KE68NP1pOVNcWK1Ffn0EIQ1IWnef1Rx0=,lQVJ4OAzyyuh3LfqQ3cVeap1H95bz9zUPEkQkfoQ2BU=
AAEp+wPU159KE68NP1pOVNcWK1Ffn0EIQ1IWnef1Rx0=,GLSNGfyyghcx59sl3aKj74xXTS210V92ONQU9lQ8qx4=
AAEp+wPU159KE68NP1pOVNcWK1Ffn0EIQ1IWnef1Rx0=,1zIiDB5Kk+jjOzZaepYdjV7vBtlDcjNkxRYnr7hp+UM=
AAK16zhbwa/qvrSNpVSU58MB0G/1GEIsKfTnk9/Gnk4=,ntScbBTWwRsc9o3EAi5flI3va/CgDYGU9XrFtUyXUMQ=
AAK16zhbwa/qvrSNpVSU58MB0G/1GEIsKfTnk9/Gnk4=,JAdNH69MwZeYcWUwJUnv1FzFQeUphwyxXy9lYHo94os=
AAK16zhbwa/qvrSNpVSU58MB0G/1GEIsKfTnk9/Gnk4=,1zIiDB5Kk+jjOzZaepYdjV7vBtlDcjNkxRYnr7hp+UM=
AAH0pF+KYCJ0AeBJnuWYfqH6mf1fDvt+60VNi1XrWds=,JPdwLiwW3NqxcQdV1FjruO6mFmHJ++roiBt36FBSy7o=
AAH0pF+KYCJ0AeBJnuWYfqH6mf1fDvt+60VNi1XrWds=,YR9P81EHioT6W5CDF01gBjIashU370A994xP1Cqlnbs=
AAH0pF+KYCJ0AeBJnuWYfqH6mf1fDvt+60VNi1XrWds=,1zIiDB5Kk+jjOzZaepYdjV7vBtlDcjNkxRYnr7hp+UM=
AAqEs2k5cBCClQ/UI3r++XIN0rV0V+wQLDqqj45+084=,S7vhryojvFGJfqdmYNAT7dpiyqZpDbRu/TBhgwuuGAE=
AAqEs2k5cBCClQ/UI3r++XIN0rV0V+wQLDqqj45+084=,Fv9+DYHgNLl+KF70qsK8pFR+Tid+khj6dcAzbouF14o=
AAqEs2k5cBCClQ/UI3r++XIN0rV0V+wQLDqqj45+084=,1zIiDB5Kk+jjOzZaepYdjV7vBtlDcjNkxRYnr7hp+UM=
AAp/wTUSyBUTZwTSgl7UIeakAKEiIwMu39Lp1Rv4DHI=,m0WoC+QjqBC7wr6Ns+DSVugZe0ceuhTT68Bzcggpyg0=
AAp/wTUSyBUTZwTSgl7UIeakAKEiIwMu39Lp1Rv4DHI=,BR0HGzWwl74dYF0A5FM+thwq/QfVOxU5KFrDTEwF+jk=
AAp/wTUSyBUTZwTSgl7UIeakAKEiIwMu39Lp1Rv4DHI=,1zIiDB5Kk+jjOzZaepYdjV7vBtlDcjNkxRYnr7hp+UM=
AATmmO0QnqHZCBH3itOCzoTJcxFE2XfgRVJJXDBvFhc=,3Cd+qiR6+YTiyeyZl82ZkAHNHeNOM+7PD09vayul1qw=
AATmmO0QnqHZCBH3itOCzoTJcxFE2XfgRVJJXDBvFhc=,UugcTEi9BzCuWZNBKL63uYeR8Xd0O9RUhKVcD86x4Pg=
AATmmO0QnqHZCBH3itOCzoTJcxFE2XfgRVJJXDBvFhc=,1zIiDB5Kk+jjOzZaepYdjV7vBtlDcjNkxRYnr7hp+UM=
AAd8xQvP6q9lQz1pbSy+lpRcy8nCnF8zaMGUZ7Xr5Qw=,HUWNsOv389saX77BUlb12SjJ8hPOmM4X+s4H718mwDk=
AAd8xQvP6q9lQz1pbSy+lpRcy8nCnF8zaMGUZ7Xr5Qw=,mhywj+tmCv2PstknNpMjlVuQdYwPRw4qngcrKqPWKq4=
AAd8xQvP6q9lQz1pbSy+lpRcy8nCnF8zaMGUZ7Xr5Qw=,1zIiDB5Kk+jjOzZaepYdjV7vBtlDcjNkxRYnr7hp+UM=
AAN3V1rxR03fBb5Krfq7UghOeaXwaCyhZssLDpCyZiM=,VNhsyMumkXRmQbwFUC3VuQPFOM/b0gZb70E+j/9tDmU=
AAN3V1rxR03fBb5Krfq7UghOeaXwaCyhZssLDpCyZiM=,gI4Tn3KA0AC5zBJU3ywj+TibkCFFyUmrRoAyFCVUD3Q=
AAN3V1rxR03fBb5Krfq7UghOeaXwaCyhZssLDpCyZiM=,1zIiDB5Kk+jjOzZaepYdjV7vBtlDcjNkxRYnr7hp+UM=
AAhk/r19SpUJJ0qTxp6Q0ozS62dyKYYMLeUagLnhWKo=,QHCmPEQ0kbePuEc0EoDgDnalwSG5v3KLraIPzr6o9ls=
AAhk/r19SpUJJ0qTxp6Q0ozS62dyKYYMLeUagLnhWKo=,VbdchQYfaGrOSkH1jkFx95rmJ6rMfTRPa/6+1TYA6t0=
AAhk/r19SpUJJ0qTxp6Q0ozS62dyKYYMLeUagLnhWKo=,1zIiDB5Kk+jjOzZaepYdjV7vBtlDcjNkxRYnr7hp+UM=
AAou/6R4VicFDJv9StqrA+se4kfPiZBS7aHChB1IVIw=,IY/ppttNrMOyFscbIGeLV1CHT8WgfCM5H0GpUS6augY=
AAou/6R4VicFDJv9StqrA+se4kfPiZBS7aHChB1IVIw=,35lHR2x8uLQiy2PF+cOkmgRKXZJt7u5T0asrFE5MsqE=
AAou/6R4VicFDJv9StqrA+se4kfPiZBS7aHChB1IVIw=,1zIiDB5Kk+jjOzZaepYdjV7vBtlDcjNkxRYnr7hp+UM=
AAKZLeiTJAdL4lRL78obQPqfT1pXUfv+0j7syYLsboY=,VP4qRl6bZSU8/wimARLmE+ecpiujAygIwParxVKm3OU=
AAKZLeiTJAdL4lRL78obQPqfT1pXUfv+0j7syYLsboY=,8hsVOoytuFD92PYtfitidv5acQuSTBQvtHJrKvhNxmM=
AAKZLeiTJAdL4lRL78obQPqfT1pXUfv+0j7syYLsboY=,1zIiDB5Kk+jjOzZaepYdjV7vBtlDcjNkxRYnr7hp+UM=
AAmyPEtV2+8/DmNcI5IBiniESIWHQG7R0+Cz4XgzjGo=,VCw5YP1PObRcgsDg/aZCSzVqkG4N3cuU/dWSir7sk6E=
AAmyPEtV2+8/DmNcI5IBiniESIWHQG7R0+Cz4XgzjGo=,2cZMl1jnHgbPIPXq2MFAHxGSKelWeRfVlo8FNA0Fg8M=
AAmyPEtV2+8/DmNcI5IBiniESIWHQG7R0+Cz4XgzjGo=,1zIiDB5Kk+jjOzZaepYdjV7vBtlDcjNkxRYnr7hp+UM=
AA3+w08+/NK7J3GXXWT95GsuVZ+gQ7UPxjTns8/1ig4=,p/+pymD4xzT9JNHnHBGQA/fCrAvAx/2ndW/e1f0qaoU=
AA3+w08+/NK7J3GXXWT95GsuVZ+gQ7UPxjTns8/1ig4=,0M1lQTbTVDhl7H1ylzbTYtTE9XuDf5MLenvRDpWrb50=
AA3+w08+/NK7J3GXXWT95GsuVZ+gQ7UPxjTns8/1ig4=,1zIiDB5Kk+jjOzZaepYdjV7vBtlDcjNkxRYnr7hp+UM=
AAhBM3SnlOvNtVb5+ct4vyKBW2yFezPv9k+hzUXZIeM=,3l9V//tir0OPhwTLeW8Fxe9gTeYqvFItfBP1K+WXonI=
AAhBM3SnlOvNtVb5+ct4vyKBW2yFezPv9k+hzUXZIeM=,MPYsUBEP4m9KcWqRJ4DTTaxpWt0m/VOCET1z2Hv83Dc=
AAhBM3SnlOvNtVb5+ct4vyKBW2yFezPv9k+hzUXZIeM=,1zIiDB5Kk+jjOzZaepYdjV7vBtlDcjNkxRYnr7hp+UM=
AAFIVSOsZUKckuVxZ/tz9jfz93/QphP/sy7uPqo1aXQ=,Y5tWC9ne7w0xrWJJtHYcID2Mht425opdkEyWsxEnaIc=
AAFIVSOsZUKckuVxZ/tz9jfz93/QphP/sy7uPqo1aXQ=,xSGQNhu0pap+7EIqwSs+So8n1dcXj6jIzdiYQwqiI6A=
AAFIVSOsZUKckuVxZ/tz9jfz93/QphP/sy7uPqo1aXQ=,1zIiDB5Kk+jjOzZaepYdjV7vBtlDcjNkxRYnr7hp+UM=
AANd7zRrl2ZrlzQLjTmRcUr9pdZh0r1iCvRavH0OaFk=,hEVkLdokg08V+yeNJSNegJXfqZHPRs39JZQOzXD03dQ=
AANd7zRrl2ZrlzQLjTmRcUr9pdZh0r1iCvRavH0OaFk=,hNO8NperCddRtMjlsVQJlg6xF5MpMI4KTXB6PNBvHD0=
AANd7zRrl2ZrlzQLjTmRcUr9pdZh0r1iCvRavH0OaFk=,1zIiDB5Kk+jjOzZaepYdjV7vBtlDcjNkxRYnr7hp+UM=
AA6ZVE4pRw8Tu6RVBNF+zZZGWY/jzzPh7yb9jmY8lKQ=,QIspPzzy9t7D7t1JVVJ7lCna2+CdAEp3BSdiptxs7D8=
AA6ZVE4pRw8Tu6RVBNF+zZZGWY/jzzPh7yb9jmY8lKQ=,mi0hT+++50j7Pwa31r4yCCUYPAY2JaOOJFXbkFpmHGE=
AA6ZVE4pRw8Tu6RVBNF+zZZGWY/jzzPh7yb9jmY8lKQ=,1zIiDB5Kk+jjOzZaepYdjV7vBtlDcjNkxRYnr7hp+UM=
AA5H7e63BwIbPETZOY67ckM+f7R9VcJ9FtHyP1x+T2g=,3AH6l6WOlnm/pbS2jOUM8CTdsKGS47zXXc577bamrBo=
AA5H7e63BwIbPETZOY67ckM+f7R9VcJ9FtHyP1x+T2g=,XuCyWBNqpHDMTuvSNRuAcQ/d0nPlUwCFRDR/Woe5jLA=
AA5H7e63BwIbPETZOY67ckM+f7R9VcJ9FtHyP1x+T2g=,1zIiDB5Kk+jjOzZaepYdjV7vBtlDcjNkxRYnr7hp+UM=
AAl7a+HjL9yyKEaeMCQTKqmgWCe1wfJnauIQM4un33U=,0nXYUK05k7WHJeuIXMQlqc83XlLR6Xt4euY3sYRrcUM=
AAl7a+HjL9yyKEaeMCQTKqmgWCe1wfJnauIQM4un33U=,FBdxmCDzq6yVAd9HAbOj9ZV/mZUS78lIeywqldOisMA=
AAl7a+HjL9yyKEaeMCQTKqmgWCe1wfJnauIQM4un33U=,1zIiDB5Kk+jjOzZaepYdjV7vBtlDcjNkxRYnr7hp+UM=
AAzre+d3ni+C04vQGbix1VXffHkqclTBGaT1NEme+SI=,Ly6J4OyV9Lg0yjv05UUn95mMlN2ErVnerE6V3n+S9+4=
AAzre+d3ni+C04vQGbix1VXffHkqclTBGaT1NEme+SI=,9PhLewk1BA80f5eCqCbGG1v8CkT2PoetQnO53CvoFoQ=
AAzre+d3ni+C04vQGbix1VXffHkqclTBGaT1NEme+SI=,1zIiDB5Kk+jjOzZaepYdjV7vBtlDcjNkxRYnr7hp+UM=
AA3AiewTfz0WBpVB1/g7xbUoel4WCIHjUddhhwT7seo=,9aUsmYEoQbBxbplA76SI0g7jQutj4GcSAb2nbBcYNdA=
AA3AiewTfz0WBpVB1/g7xbUoel4WCIHjUddhhwT7seo=,puPAr31DFPv9hnkGFapIT6+CAaaLimlsfqOjoPSAgWQ=
AA3AiewTfz0WBpVB1/g7xbUoel4WCIHjUddhhwT7seo=,1zIiDB5Kk+jjOzZaepYdjV7vBtlDcjNkxRYnr7hp+UM=
AAMb5eg9IzshCWvhQoD+BswN5ME1/u2rtfH6qmV/N3Q=,UqeHFPQ0eAqeUYuv5SISt0x9x9zCrH4EN0Lo9QtBNt8=
AAMb5eg9IzshCWvhQoD+BswN5ME1/u2rtfH6qmV/N3Q=,OmohJwD6ygVcYsY+dxjdJPYa645yXdTk3ag8tEtGpeY=
AAMb5eg9IzshCWvhQoD+BswN5ME1/u2rtfH6qmV/N3Q=,1zIiDB5Kk+jjOzZaepYdjV7vBtlDcjNkxRYnr7hp+UM=
AABh2FyFLz2CGghqQNgh0p1wnCIJVLAXfKTZjM7rfcc=,Eejnvo0GOtWPtNgB/80PFBE+y0CrONZRFW+QLV0jh8U=
AABh2FyFLz2CGghqQNgh0p1wnCIJVLAXfKTZjM7rfcc=,uPdx0MQuv4fHzcmAwbqQ+hD4lh2H6+pFvig0Ikz3iac=
AABh2FyFLz2CGghqQNgh0p1wnCIJVLAXfKTZjM7rfcc=,1zIiDB5Kk+jjOzZaepYdjV7vBtlDcjNkxRYnr7hp+UM=
AAIch2fPlAT8mDGQ2GCBD6z2LJN6JK+mF2xjxjSR0Ok=,ZN8OwBt8HaSbHRK7BB8TQuH5xMTBFrAEDpUO12mN1kc=
AAIch2fPlAT8mDGQ2GCBD6z2LJN6JK+mF2xjxjSR0Ok=,u7QBuj+WHiHOonLZhnNz74nk9PEtjKTtLybYq2wz9jU=
AAIch2fPlAT8mDGQ2GCBD6z2LJN6JK+mF2xjxjSR0Ok=,1zIiDB5Kk+jjOzZaepYdjV7vBtlDcjNkxRYnr7hp+UM=
AASB12IilyKXRVzms8oEy3a8uZhjKSXNDrlKoe7bwKM=,KuXPOZXThmA2A/HhxIv8BYhVuJVfWDOUQrNuAvD3aIE=
AASB12IilyKXRVzms8oEy3a8uZhjKSXNDrlKoe7bwKM=,PgMNZLqbEEOLgx8LdOh0dMOJSvPnwTC2mU8wFfjsqhA=
AASB12IilyKXRVzms8oEy3a8uZhjKSXNDrlKoe7bwKM=,1zIiDB5Kk+jjOzZaepYdjV7vBtlDcjNkxRYnr7hp+UM=
AAkFXb6lUpNveMjIZugNqYzp3K2neU0CVn4yGscCK+w=,DKltIVljQFd6uitOVXFoK17ye6Yp4xqIP1yyze0GdAM=
AAkFXb6lUpNveMjIZugNqYzp3K2neU0CVn4yGscCK+w=,S5x9vOpBDeCZXiBJJUPAxiWEXog2i6SQR0b5v4dT2wc=
AAkFXb6lUpNveMjIZugNqYzp3K2neU0CVn4yGscCK+w=,1zIiDB5Kk+jjOzZaepYdjV7vBtlDcjNkxRYnr7hp+UM=
AA01xtFvSmcsU77k3ybEo0tjTwYfERNKlbASOrEQCtw=,YHceSwZCHCujLY78Xvs23xY1MBJpBS/UgWIJnD6+GY4=
AA01xtFvSmcsU77k3ybEo0tjTwYfERNKlbASOrEQCtw=,EqAnnxP8KeBIy8j6TjcdDCK1bU5yXu8kVpwhaOzgwZE=
AA01xtFvSmcsU77k3ybEo0tjTwYfERNKlbASOrEQCtw=,1zIiDB5Kk+jjOzZaepYdjV7vBtlDcjNkxRYnr7hp+UM=
AAhd0SWN74+/NwZQ3Bb/LtNnG1s8C6M52tr0XhB0240=,gceIo9njpBt+yqy88oJ02WQuC1zJcZ6tSuGLGBQbftg=
AAhd0SWN74+/NwZQ3Bb/LtNnG1s8C6M52tr0XhB0240=,2XqR5Z2bWBgCdVMsxd6BAwT4yoo4+CrTLEnPEyFwNMI=
AAhd0SWN74+/NwZQ3Bb/LtNnG1s8C6M52tr0XhB0240=,1zIiDB5Kk+jjOzZaepYdjV7vBtlDcjNkxRYnr7hp+UM=
AAlQghYV5kP1qTwB9N+SdRd1x1XapIauRnHO0T5Rsdw=,SzYQ+P6fH5UE2mTPgUCohy2PcaTaBN7uRE634wV60Nk=
AAlQghYV5kP1qTwB9N+SdRd1x1XapIauRnHO0T5Rsdw=,Bkz67NJQTVjtkLuDNlMyc9i80hD3Fh4F+GGyNJ5bcIk=
AAlQghYV5kP1qTwB9N+SdRd1x1XapIauRnHO0T5Rsdw=,1zIiDB5Kk+jjOzZaepYdjV7vBtlDcjNkxRYnr7hp+UM=
AASvqp2C2TNDhlqDoal85bFbPFXAHIXWOJn0usIxx6w=,2NcKHVr3F3F73TQJiJFgxyrezjuMpav7+1/IgvzBfhU=
AASvqp2C2TNDhlqDoal85bFbPFXAHIXWOJn0usIxx6w=,00Wo5mSHJWLc+PUJG0ZkfXBh7j2feUvUlb3i+s/+nrE=
AASvqp2C2TNDhlqDoal85bFbPFXAHIXWOJn0usIxx6w=,1zIiDB5Kk+jjOzZaepYdjV7vBtlDcjNkxRYnr7hp+UM=
AAduV07UemqUEi5yfOJcti84Ods2hiBWpXnU05wwZ8I=,uW4U/XJWnmGJ73SFbxFUZr603zWKwOzI3O06VU4NXMY=
AAduV07UemqUEi5yfOJcti84Ods2hiBWpXnU05wwZ8I=,Vw068LN2d4Qw9okMoA2JTdKhV0Vkw+/qDTC9vgdx8Ug=
AAduV07UemqUEi5yfOJcti84Ods2hiBWpXnU05wwZ8I=,1zIiDB5Kk+jjOzZaepYdjV7vBtlDcjNkxRYnr7hp+UM=
AAEPRiSNrR88MdGfdxwVOR63njwl0E+7UQ5jmvvADbo=,MKo82C8+ibH77+6ny98L5e/wBGeZSfj9nihvJDWdT/s=
AAEPRiSNrR88MdGfdxwVOR63njwl0E+7UQ5jmvvADbo=,b50/5Q1KmBtVG04KL1Tnacrh8XOH/Eyb7NyzkaEKVfM=
AAEPRiSNrR88MdGfdxwVOR63njwl0E+7UQ5jmvvADbo=,1zIiDB5Kk+jjOzZaepYdjV7vBtlDcjNkxRYnr7hp+UM=
AApTFUyF1hAdmkZXqYDW5mhDcTMBTgXmPPvcDbajQx0=,Vt04N2T9hPRoGStYr2ZO27sK/yWXEPew+qKngJ1MCxc=
AApTFUyF1hAdmkZXqYDW5mhDcTMBTgXmPPvcDbajQx0=,VrVTIpL20xtSHD7SOquazrTL8WUzdYU/dE0AGGChtwg=
AApTFUyF1hAdmkZXqYDW5mhDcTMBTgXmPPvcDbajQx0=,1zIiDB5Kk+jjOzZaepYdjV7vBtlDcjNkxRYnr7hp+UM=
AA1boecIGyqENz+6eRrbkCO9mkeimwfzd+7HE4XO9Vo=,cP156YrbOQYA39ZTvD7YWfhY/2/5Yj0c7FSY192eC8U=
AA1boecIGyqENz+6eRrbkCO9mkeimwfzd+7HE4XO9Vo=,6cYsRK8blfYkMLzFfCNzXU6wvizCAQ1JrlJcaSmdefc=
AA1boecIGyqENz+6eRrbkCO9mkeimwfzd+7HE4XO9Vo=,1zIiDB5Kk+jjOzZaepYdjV7vBtlDcjNkxRYnr7hp+UM=
AAGxdsZ5+Vh9C4I4KvigJ4PddBK1+ECftvEnfdM855s=,Wa54PSARGDqVLJOZUqO6JzIDInPKFvt43Ci6+EvQv0s=
AAGxdsZ5+Vh9C4I4KvigJ4PddBK1+ECftvEnfdM855s=,eDzHZZ0PrAcWPS0kyGIcZ4qMZtRNpVHytos7BXupYOI=
AAGxdsZ5+Vh9C4I4KvigJ4PddBK1+ECftvEnfdM855s=,1zIiDB5Kk+jjOzZaepYdjV7vBtlDcjNkxRYnr7hp+UM=
AAiZIvgWiOM2IO0/I6SyX3uaR+IUCGHq4SWAEuJ5XgI=,BdSkRRwyYiLgHRGqIRC1jz99aFDfqnzzDHieYn4l2Sg=
AAiZIvgWiOM2IO0/I6SyX3uaR+IUCGHq4SWAEuJ5XgI=,QfHIHcOAExwf3gvAwU9QSAtQnF1Yx/qvH2Pm08Ng9C4=
AAiZIvgWiOM2IO0/I6SyX3uaR+IUCGHq4SWAEuJ5XgI=,1zIiDB5Kk+jjOzZaepYdjV7vBtlDcjNkxRYnr7hp+UM=
AAbUpx1tyzIU57ZSSZV4umLDELeWjOMHdjlsmrhQMg0=,dQ2SCK68COgqFpmgzNBHrVcBN3aJPkdGVyHGoGGhzvw=
AAbUpx1tyzIU57ZSSZV4umLDELeWjOMHdjlsmrhQMg0=,41jWS7o041mN/ATv+f5wqKnnXhz6zpav7sVIhsEHQYk=
AAbUpx1tyzIU57ZSSZV4umLDELeWjOMHdjlsmrhQMg0=,1zIiDB5Kk+jjOzZaepYdjV7vBtlDcjNkxRYnr7hp+UM=
AAOBWQ5HqEkz+oHcUFWYxeBE2xFkpzR0ybhx1CVOiVs=,UKQZsKitusMBfRBjYVXfcQmRTeVIOH8rhFnocpc7/RM=
AAOBWQ5HqEkz+oHcUFWYxeBE2xFkpzR0ybhx1CVOiVs=,iaAGl5TQsiWh1se9h8Uhm4SsvDc+NMcV2ItaCV/ML9o=
AAOBWQ5HqEkz+oHcUFWYxeBE2xFkpzR0ybhx1CVOiVs=,1zIiDB5Kk+jjOzZaepYdjV7vBtlDcjNkxRYnr7hp+UM=
AAJfGj9jJiFOb5FxknY6xj5Lb+0gPnorEs2B5O1LADk=,NC2RF3/bvESuQbNFYZTThTTdeoWDfQT4+ygvi/jNeEU=
AAJfGj9jJiFOb5FxknY6xj5Lb+0gPnorEs2B5O1LADk=,Kh1ccvJYP2zY/btQ39A2nHE1kdTa+mi1oU3SVCkEn6k=
AAJfGj9jJiFOb5FxknY6xj5Lb+0gPnorEs2B5O1LADk=,1zIiDB5Kk+jjOzZaepYdjV7vBtlDcjNkxRYnr7hp+UM=
AAyxPR07FrcTBKe4J8xU/34auz76pq6OkCSvHdAgP6k=,vKtWbn9z+s4GaLCAe/0Ek25/Svvldd6//SzTlANW/DE=
AAyxPR07FrcTBKe4J8xU/34auz76pq6OkCSvHdAgP6k=,E8of9VLm+W3C1PUFYqblm+JfUxwUaYrYLAvFcW2Zy78=
AAyxPR07FrcTBKe4J8xU/34auz76pq6OkCSvHdAgP6k=,1zIiDB5Kk+jjOzZaepYdjV7vBtlDcjNkxRYnr7hp+UM=
AAXmTR+VBVPMc3a77d+ZaHQYbvd9zeFUA7TpRVAZKg8=,or78ynyDuLsK3WowewHmTJ3Ht8MfUfmg6uqynnJHCok=
AAXmTR+VBVPMc3a77d+ZaHQYbvd9zeFUA7TpRVAZKg8=,vqFiMQczPpnn64mHcaucsEeSREq3BpvhyYMvkKx7uXk=
AAXmTR+VBVPMc3a77d+ZaHQYbvd9zeFUA7TpRVAZKg8=,1zIiDB5Kk+jjOzZaepYdjV7vBtlDcjNkxRYnr7hp+UM=
AAQecQZm5i0H9RYGFUM8lePZZR+WEPPkJ7s/igxZIn4=,SCqtJZj07TXW+YEuCt6VRcCW+zVHshNwTlJQs2s+0uo=
AAQecQZm5i0H9RYGFUM8lePZZR+WEPPkJ7s/igxZIn4=,Ndnhu7U8EgoMMPlARbQtwhtPrmMZWrj93RHR5s7jmVk=
AAQecQZm5i0H9RYGFUM8lePZZR+WEPPkJ7s/igxZIn4=,1zIiDB5Kk+jjOzZaepYdjV7vBtlDcjNkxRYnr7hp+UM=
AAFJzYVGX4mSwDNuDdFiFtRdBhE4vl2QXyN9f9WQv9I=,wqro9BlwzwdyURLJ313+Gjw5/nvXIFE+fRmaFkspmIw=
AAFJzYVGX4mSwDNuDdFiFtRdBhE4vl2QXyN9f9WQv9I=,wZTyyqhvHVEFhubnwFjjVdzIwtzgYmtrV82WRJAee0k=
AAFJzYVGX4mSwDNuDdFiFtRdBhE4vl2QXyN9f9WQv9I=,1zIiDB5Kk+jjOzZaepYdjV7vBtlDcjNkxRYnr7hp+UM=
AAN6nuFZ0WVaauId1ASP7amsLCe3y+lKfFQnJGLM2F4=,3vqUYGQguz0txoFIKUKipAwirIs1qSZCpMOK+bZmT30=
AAN6nuFZ0WVaauId1ASP7amsLCe3y+lKfFQnJGLM2F4=,64lssYbLRB9Tn6NENdg3x00O8L1+y4y8mCJN9kXoUEg=
AAN6nuFZ0WVaauId1ASP7amsLCe3y+lKfFQnJGLM2F4=,1zIiDB5Kk+jjOzZaepYdjV7vBtlDcjNkxRYnr7hp+UM=
AAV61ESD1fDUVtIAu+CAXiXZzw7sk8H/8D/Ge4Vfp04=,joEkhgKGbqkgy5iFqVC5lPzMm9m6FPlbADJl+pBJAZE=
AAV61ESD1fDUVtIAu+CAXiXZzw7sk8H/8D/Ge4Vfp04=,8AhomXshfO2bAlyPFcMuaxjvnNIYoZrU4iBaUY64cgo=
AAV61ESD1fDUVtIAu+CAXiXZzw7sk8H/8D/Ge4Vfp04=,1zIiDB5Kk+jjOzZaepYdjV7vBtlDcjNkxRYnr7hp+UM=
AADLTbQh2aYrJfrGBhSsbWFa3+WNBXjBD+JzAQfF2yc=,MaNX3AGQt1FytTjkgPs6bBszKOAuQVZyas+5y6z5g8w=
AADLTbQh2aYrJfrGBhSsbWFa3+WNBXjBD+JzAQfF2yc=,i01+JxGBRk2Hjs8l0i+OwuJonVTODTHu8Uyknb0ehns=
AADLTbQh2aYrJfrGBhSsbWFa3+WNBXjBD+JzAQfF2yc=,1zIiDB5Kk+jjOzZaepYdjV7vBtlDcjNkxRYnr7hp+UM=
AA/GF7NzAiLFXTELXBVFiMrF0ggY029e0pcqFdH+k0E=,6hP15tq6kN9FO3uS4ayxyYuzK1CWPlCHZcKhEiRjeXk=
AA/GF7NzAiLFXTELXBVFiMrF0ggY029e0pcqFdH+k0E=,EqcpIY8yr1+GF2PG5HUNQpB80FUOJH/ivmXI3wzByVA=
AA/GF7NzAiLFXTELXBVFiMrF0ggY029e0pcqFdH+k0E=,1zIiDB5Kk+jjOzZaepYdjV7vBtlDcjNkxRYnr7hp+UM=
AADEporR5NP0H8RHe/AV2uoKRq4AbcUfcuHqkS2UjbI=,i04EjxfrextlTGqBPnWiab00tqbndoPbaXJIsF0dd60=
AADEporR5NP0H8RHe/AV2uoKRq4AbcUfcuHqkS2UjbI=,eD5qshz+oZRP40y0XsujJZFRZOWwfhKrznbdnChJZAU=
AADEporR5NP0H8RHe/AV2uoKRq4AbcUfcuHqkS2UjbI=,1zIiDB5Kk+jjOzZaepYdjV7vBtlDcjNkxRYnr7hp+UM=
AAfo82tJ+Em0dLnWAT4V8v9FwLwo8WlWBjVZv3OK1JE=,j1jQkhv1Q5X/PIguAJY+BtlquITlQCpajmQYTMsRV+k=
AAfo82tJ+Em0dLnWAT4V8v9FwLwo8WlWBjVZv3OK1JE=,f5MRys5LEky2WjixB2VNv/YvGVDjmtDk/htvBsOsLbo=
AAfo82tJ+Em0dLnWAT4V8v9FwLwo8WlWBjVZv3OK1JE=,1zIiDB5Kk+jjOzZaepYdjV7vBtlDcjNkxRYnr7hp+UM=
AAxBUHL9BYxxeIbXbWGTn0U66Fmbjpg2PndpLN2Kdj4=,d+fPOGUKQGM39Yea0x/42ihl7jjSxZrw466g8pWmexE=
AAxBUHL9BYxxeIbXbWGTn0U66Fmbjpg2PndpLN2Kdj4=,2Yw6FORNhzSJOP1aFOjlAhV1P/bP5wNNShpKAdSTUn0=
AAxBUHL9BYxxeIbXbWGTn0U66Fmbjpg2PndpLN2Kdj4=,1zIiDB5Kk+jjOzZaepYdjV7vBtlDcjNkxRYnr7hp+UM=
AAJ274z7ur199u8ya9GhloODPFmalwdNmPEaim1xsLE=,hKdmM56S1rSYkZXNHsd6P0/E27As1MtW6Pnh584d9JQ=
AAJ274z7ur199u8ya9GhloODPFmalwdNmPEaim1xsLE=,AWaIWcHo+LjAQa0LfyMU81Nfr/jcjaGZRmXZB1NIi+0=
AAJ274z7ur199u8ya9GhloODPFmalwdNmPEaim1xsLE=,1zIiDB5Kk+jjOzZaepYdjV7vBtlDcjNkxRYnr7hp+UM=
AArfhp3x7vlJAQqom4hXMRlBJ3yoqsyHuNaUYFlP9jQ=,qMrs14x7CivfsJ2zR+xIfC06h3FCqzB6Sllxsi+0kj8=
AArfhp3x7vlJAQqom4hXMRlBJ3yoqsyHuNaUYFlP9jQ=,JFmwzAalP2IHa01a80Buu78PmKn6ycO6zij0+5gla1g=
AArfhp3x7vlJAQqom4hXMRlBJ3yoqsyHuNaUYFlP9jQ=,1zIiDB5Kk+jjOzZaepYdjV7vBtlDcjNkxRYnr7hp+UM=
AATA3E+V1/lvDCsYDkbRa9doare5sMzrkkNJbhoiwJA=,qMH56VJolrLu06lGpLANMPVLCPdjab4JBTTsbppTPPc=
AATA3E+V1/lvDCsYDkbRa9doare5sMzrkkNJbhoiwJA=,rj5du+WmZIT+wVBn6LbiaTN6gXXVSzefXtqwDrPxNM4=
AATA3E+V1/lvDCsYDkbRa9doare5sMzrkkNJbhoiwJA=,1zIiDB5Kk+jjOzZaepYdjV7vBtlDcjNkxRYnr7hp+UM=
AAYqeKM/4Trb73D53k+bEEgOjUJKa5jRKxsNf3c9pKA=,id2WEM+S/JwzGzGExR3rUmmr9kqjretALf1BHHDUoIE=
AAYqeKM/4Trb73D53k+bEEgOjUJKa5jRKxsNf3c9pKA=,KX0OULKeNhZLcpmsz0qUA0N8LkvWncc5u1ljnb4JkMg=
AAYqeKM/4Trb73D53k+bEEgOjUJKa5jRKxsNf3c9pKA=,1zIiDB5Kk+jjOzZaepYdjV7vBtlDcjNkxRYnr7hp+UM=
AA4FW6mU00lpOeZj5apd1ogKWSH9P1QIRucerDTkfBU=,jNUEISNdRLBu4LR7Xow5g5S1jvZCxH4ArIS4uZQyGLU=
AA4FW6mU00lpOeZj5apd1ogKWSH9P1QIRucerDTkfBU=,b67Z1lmPg17EpdYSLJrSpgRAYtFDAsHaGRF47NsYyCg=
AA4FW6mU00lpOeZj5apd1ogKWSH9P1QIRucerDTkfBU=,1zIiDB5Kk+jjOzZaepYdjV7vBtlDcjNkxRYnr7hp+UM=
AA7xIZWStbHIda/FqynEpuK//V4t/AuxmGV8shQ5Clk=,HnXBU9Z9wGIr10ZoSrOOqB/rYmDlvV4RqxhcBLshGRo=
AA7xIZWStbHIda/FqynEpuK//V4t/AuxmGV8shQ5Clk=,9YXFXFnkY6AP7GtsY2HKawENFmVkn/IuzG8TeaAbWus=
AA7xIZWStbHIda/FqynEpuK//V4t/AuxmGV8shQ5Clk=,1zIiDB5Kk+jjOzZaepYdjV7vBtlDcjNkxRYnr7hp+UM=
AAEuMFtD3XoARo+GQV1FQ4DNUjVOiA7i8zeyPnFAh/w=,xbAyD2I0lSKH5/LbtK5DRQOA6qm6APW+ekK8INFAL5Y=
AAEuMFtD3XoARo+GQV1FQ4DNUjVOiA7i8zeyPnFAh/w=,TOIPnI6V2ICkN+5Sm9cI/WoJvrmz+0Mf5ZcmaVVcRgg=
AAEuMFtD3XoARo+GQV1FQ4DNUjVOiA7i8zeyPnFAh/w=,1zIiDB5Kk+jjOzZaepYdjV7vBtlDcjNkxRYnr7hp+UM=
AAJquVOsizmeYAR/+VDSM0dqGBTbT+YnD5unFkqkzvU=,C//B7omOiw+DsTtHOAEOfY4tL5GWF5ZXFC6GhlgFr8Q=
AAJquVOsizmeYAR/+VDSM0dqGBTbT+YnD5unFkqkzvU=,sc2DSiOUq681ArBgX6Ms6NzRaM+v1UJTbtAhpMhvS+4=
AAJquVOsizmeYAR/+VDSM0dqGBTbT+YnD5unFkqkzvU=,1zIiDB5Kk+jjOzZaepYdjV7vBtlDcjNkxRYnr7hp+UM=
AAK97IjBxwQ26/Chmyb2Wx7IKvdSndVskGoeyMtKU40=,j4z19F2SRFoTmWQPqS+f286jjG5kTVZRetm9KNbN+gg=
AAK97IjBxwQ26/Chmyb2Wx7IKvdSndVskGoeyMtKU40=,LHSDi2nYEL5DV/Ro7Ng+vwz+9A9kHBNO6RUFJ8cBPww=
AAK97IjBxwQ26/Chmyb2Wx7IKvdSndVskGoeyMtKU40=,1zIiDB5Kk+jjOzZaepYdjV7vBtlDcjNkxRYnr7hp+UM=
AAEK3ExvB6h3hnwLdlXmGQp8QtRJjjcgN4fd7SDEpmQ=,DIGO3LZBkLOir2CdRcMLh9RLxaxx9+xTriFa8hG2ojc=
AAEK3ExvB6h3hnwLdlXmGQp8QtRJjjcgN4fd7SDEpmQ=,i09AWyv1VoABUTyRC0TKS66dAsjnIG814o0MTSA9vMU=
AAEK3ExvB6h3hnwLdlXmGQp8QtRJjjcgN4fd7SDEpmQ=,1zIiDB5Kk+jjOzZaepYdjV7vBtlDcjNkxRYnr7hp+UM=
AAc1JImKraWITtrNFw4kw+X7fwf3uZyOgElp5A03ESw=,vhLcSjG2v4/z0rZVVFwLt2CC3gn9GZ2Zgv6D1MBM8Os=
AAc1JImKraWITtrNFw4kw+X7fwf3uZyOgElp5A03ESw=,N1Qduq/uZKpj9PIuGASR4ceFo81JpKD3k/b3ch1CS/A=
AAc1JImKraWITtrNFw4kw+X7fwf3uZyOgElp5A03ESw=,1zIiDB5Kk+jjOzZaepYdjV7vBtlDcjNkxRYnr7hp+UM=
AA8Wr1tqfGB+n7Gr5DoaA8iJ3mlntwXOftanqhrO/Pk=,igqBWfGpqvhG4m86UFY38n0BFPal+YYup161hariKZI=
AA8Wr1tqfGB+n7Gr5DoaA8iJ3mlntwXOftanqhrO/Pk=,dxEQbGmLaIXLdVts0IOvorY8XYqrH1H4HPxknR8V7rI=
AA8Wr1tqfGB+n7Gr5DoaA8iJ3mlntwXOftanqhrO/Pk=,1zIiDB5Kk+jjOzZaepYdjV7vBtlDcjNkxRYnr7hp+UM=
AA6Rop+RdzcYis1OsSyiVb0RBVKcT/2HCYHgIfVMjHE=,k35713pONIVNp1JcjbuZ0nCugDGkqVsaoX6UOeoWGDU=
AA6Rop+RdzcYis1OsSyiVb0RBVKcT/2HCYHgIfVMjHE=,cI8dBZTNyqvj7BoAJ4C+ODC578cylUihrM4XGp1FNQQ=
AA6Rop+RdzcYis1OsSyiVb0RBVKcT/2HCYHgIfVMjHE=,1zIiDB5Kk+jjOzZaepYdjV7vBtlDcjNkxRYnr7hp+UM=
AAyvpuso72phwVY68HcYtR2vejYVgCHYxbp21xQOkHA=,1yQeBcO2IOoDtzmaJc12YE5jkNHUEpYq9QrZSjIXbHs=
AAyvpuso72phwVY68HcYtR2vejYVgCHYxbp21xQOkHA=,Nne8EgOWbT2g+oFNMjuic3XpKa2+UjzO+aDxf79bdbY=
AAyvpuso72phwVY68HcYtR2vejYVgCHYxbp21xQOkHA=,1zIiDB5Kk+jjOzZaepYdjV7vBtlDcjNkxRYnr7hp+UM=
AAmCCI79vOugLLfBMuLamW/EI1ZkDuw/JS+ok+VPHAs=,wndGyaIeuSJO6XNgJ8r1c6IuTvThV+rWNj2nrBBTWe4=
AAmCCI79vOugLLfBMuLamW/EI1ZkDuw/JS+ok+VPHAs=,CivHRUrIj+wvlDnAq5wzCWDrutGgiWXdkAhpZpwJbQc=
AAmCCI79vOugLLfBMuLamW/EI1ZkDuw/JS+ok+VPHAs=,1zIiDB5Kk+jjOzZaepYdjV7vBtlDcjNkxRYnr7hp+UM=
AAVuVNBXl9ROAo603Y3vCLN0poLJ3DE/PSThnOtNynk=,eWxOUtwz9WFaRk2zc8zVq1hluk7LVH1qReu6q9Li1Xk=
AAVuVNBXl9ROAo603Y3vCLN0poLJ3DE/PSThnOtNynk=,FRmf4ZyZPWh8Yz/zgBixdnwXUXDB+wc2bTdj3o2RXmY=
AAVuVNBXl9ROAo603Y3vCLN0poLJ3DE/PSThnOtNynk=,1zIiDB5Kk+jjOzZaepYdjV7vBtlDcjNkxRYnr7hp+UM=
AAykBLVx/fX5JGNFTap754XD9Mk5TcrGFn/nLp7pRfA=,3kU4sxiu1ZDbNAv25B7P4ayChdkm7ILc270BTE3gF24=
AAykBLVx/fX5JGNFTap754XD9Mk5TcrGFn/nLp7pRfA=,SakcNPcG1dyzn6hVgKqe1MAtLTN+vG3ExOalWV/FYpM=
AAykBLVx/fX5JGNFTap754XD9Mk5TcrGFn/nLp7pRfA=,1zIiDB5Kk+jjOzZaepYdjV7vBtlDcjNkxRYnr7hp+UM=
AAdgjLbTd5fpCAETd+gP/3m0du1zRcF0GEYxh7U9ycA=,pvoZwNZlVKqDZ3LXoY53qqjtlZt1HTIk59OdQdzacL0=
AAdgjLbTd5fpCAETd+gP/3m0du1zRcF0GEYxh7U9ycA=,9BGkdZ579ArJDOo1lrVLWdOjPfGRd/QZLt2J1795LVI=
AAdgjLbTd5fpCAETd+gP/3m0du1zRcF0GEYxh7U9ycA=,1zIiDB5Kk+jjOzZaepYdjV7vBtlDcjNkxRYnr7hp+UM=
AAY6tjU5Qr984OjL8tysSlb0oDN54HiYAnh+PZ7QDEw=,8VkAWKPy2tT8Ot8F9igKuE1TuBAjsK4PC42d4SkiunQ=
AAY6tjU5Qr984OjL8tysSlb0oDN54HiYAnh+PZ7QDEw=,r3K9QVMb7cKJ9Y70zo5y6cbRKwjbA78puKENAhmjaPw=
AAY6tjU5Qr984OjL8tysSlb0oDN54HiYAnh+PZ7QDEw=,1zIiDB5Kk+jjOzZaepYdjV7vBtlDcjNkxRYnr7hp+UM=
AAlxDNYJWOXKFfVssqZaivDcesTULanzkNJFlvklkd8=,n1iYOWy8Wkqm+IbBX1GsV0BGSLBVFJ6KLZC+3bgMUQw=
AAlxDNYJWOXKFfVssqZaivDcesTULanzkNJFlvklkd8=,UM3FzazzZntqyvdXAD7N5R7icxXUe11Dvy+eSidVnbY=
AAlxDNYJWOXKFfVssqZaivDcesTULanzkNJFlvklkd8=,1zIiDB5Kk+jjOzZaepYdjV7vBtlDcjNkxRYnr7hp+UM=
AAtPrp2+n3UY3ZqplFlFk1AmrjMBradQhe276Dw6eUE=,MbIBxf0IvEp17+cs9YrJlw1kdPoEUyHPXFKbA1Bb/zQ=
AAtPrp2+n3UY3ZqplFlFk1AmrjMBradQhe276Dw6eUE=,O5TxRbiwuZqUx4f4jUC/D7BFVPzSalKt8ZJR5eh9gFo=
AAtPrp2+n3UY3ZqplFlFk1AmrjMBradQhe276Dw6eUE=,1zIiDB5Kk+jjOzZaepYdjV7vBtlDcjNkxRYnr7hp+UM=
AA0QjkaxNK74EWto1vT0YwItfWgzV6Pr9FRzVYfNsT8=,+wby5HD8YfE828PvXlrA4qddS4hHq2ZTtI97tfzuJqw=
AA0QjkaxNK74EWto1vT0YwItfWgzV6Pr9FRzVYfNsT8=,6tpJnqXy+ElIAY110KdYvTxp5p/k0XrqVS2SpRsyTU8=
AA0QjkaxNK74EWto1vT0YwItfWgzV6Pr9FRzVYfNsT8=,1zIiDB5Kk+jjOzZaepYdjV7vBtlDcjNkxRYnr7hp+UM=
AAzWf/48RoxCaqInWQHbKmGsHK/8zSAENSMVYYMP7Mc=,tPXX7W0DY1BDNQzAPH13wU9h2QhsXmwLc6DsYWlg/aI=
AAzWf/48RoxCaqInWQHbKmGsHK/8zSAENSMVYYMP7Mc=,vqyVDlzicuWUpcA5ZWhmfvak59UWkrsUjI3zapn/+D8=
AAzWf/48RoxCaqInWQHbKmGsHK/8zSAENSMVYYMP7Mc=,1zIiDB5Kk+jjOzZaepYdjV7vBtlDcjNkxRYnr7hp+UM=
AAyCbT1iEbXkH6S5QTds28lsjUq5ht8aftFPRCJkDq0=,A+uRSSIWFJ/3LJMfoNT1s1kCZJsjXdZUOqV6mZDKnlw=
AAyCbT1iEbXkH6S5QTds28lsjUq5ht8aftFPRCJkDq0=,2MOaO6llN2Ii3THR4UFzQ3limZGO3/zKiJoVbiIZJ1Y=
AAyCbT1iEbXkH6S5QTds28lsjUq5ht8aftFPRCJkDq0=,1zIiDB5Kk+jjOzZaepYdjV7vBtlDcjNkxRYnr7hp+UM=
AAlyeFiTsm7+Lhm+s4pFvVVC7x0aqbFTkJ89JO1IP5Y=,nZ1XyoXpXWgT372yJJp5KxgAdC8tIPnOKh5xSQDoxFM=
AAlyeFiTsm7+Lhm+s4pFvVVC7x0aqbFTkJ89JO1IP5Y=,2t/tpTq9Fhfz9+euawd0P39Mq80PDJNH2cuXTm8vgdc=
AAlyeFiTsm7+Lhm+s4pFvVVC7x0aqbFTkJ89JO1IP5Y=,1zIiDB5Kk+jjOzZaepYdjV7vBtlDcjNkxRYnr7hp+UM=
AAiyRb1R+1kpNkHSPjT6lTpCQm16oMf0w9xhUMeikNI=,6G1ejg/zImTVCJ6Q/A0GHMrtaxqrD11yWIv/zHNJLB0=
AAiyRb1R+1kpNkHSPjT6lTpCQm16oMf0w9xhUMeikNI=,SkSFZTJ3tyQopvlXcrTR3Yrr45TUYF4x2MEgbB86QFs=
AAiyRb1R+1kpNkHSPjT6lTpCQm16oMf0w9xhUMeikNI=,1zIiDB5Kk+jjOzZaepYdjV7vBtlDcjNkxRYnr7hp+UM=
AAdINYQLbnx+sUOPt5B7+zOe5R3m1tMldw0GVXh7prc=,kkn9FQzFNgktKsWtIcdY0Ca02itlLEH2upQZn/FVY1g=
AAdINYQLbnx+sUOPt5B7+zOe5R3m1tMldw0GVXh7prc=,It1Tj6HVF+ZE1F6MVyJjwiCOKMbj5qPTSmr5L98xmbo=
AAdINYQLbnx+sUOPt5B7+zOe5R3m1tMldw0GVXh7prc=,1zIiDB5Kk+jjOzZaepYdjV7vBtlDcjNkxRYnr7hp+UM=
AA8bqbRLXdBlaSsLNNKga7I6XYdyG+NoC+AU+x117D4=,D5vURyoI1yIiFP1ww8ClHqbstS24uULuitBiq5hgibM=
AA8bqbRLXdBlaSsLNNKga7I6XYdyG+NoC+AU+x117D4=,SAtiVY5FD2wOSoTqFFJmvYDEy2fe4vUkPxERzyoZdV4=
AA8bqbRLXdBlaSsLNNKga7I6XYdyG+NoC+AU+x117D4=,1zIiDB5Kk+jjOzZaepYdjV7vBtlDcjNkxRYnr7hp+UM=
AAdWRIydUQmuW655yY4Pdzd58DPAUKfHCyzQlRRFYUI=,hB3jx29WtPHStpQMT/5F0WecV7UeuFqpmEj3jZzC7hM=
AAdWRIydUQmuW655yY4Pdzd58DPAUKfHCyzQlRRFYUI=,DPZi4fKagRu2Ema+34U/RTXlSBIVCRKQaFjoL2cyFQ8=
AAdWRIydUQmuW655yY4Pdzd58DPAUKfHCyzQlRRFYUI=,1zIiDB5Kk+jjOzZaepYdjV7vBtlDcjNkxRYnr7hp+UM=
AAcjlze7rYd064wKnwZ9CDD4P278Qxrf6aVLMEPpAyg=,0RCFphJabe5IbV4q8r8JgBnzAy4xtJJcIdSj1pykMAE=
AAcjlze7rYd064wKnwZ9CDD4P278Qxrf6aVLMEPpAyg=,lLXh8YdRBEqmAHNjR8UkkHINHVQsPxum8hyjVsoRf5M=
AAcjlze7rYd064wKnwZ9CDD4P278Qxrf6aVLMEPpAyg=,1zIiDB5Kk+jjOzZaepYdjV7vBtlDcjNkxRYnr7hp+UM=
AANpmvWKwuGPjln9k0+oclAGHxn6dokNzDoQeA0EYJU=,M4/qLN4/azYJm5+T6gWWxEHcfDEO+kfV0syDytHfWuM=
AANpmvWKwuGPjln9k0+oclAGHxn6dokNzDoQeA0EYJU=,n4NPoR/DvYquQBDVgNp25GkfRnfBhNhveheC3mK7WmM=
AANpmvWKwuGPjln9k0+oclAGHxn6dokNzDoQeA0EYJU=,1zIiDB5Kk+jjOzZaepYdjV7vBtlDcjNkxRYnr7hp+UM=
AAClhuje6D69yzSbgtuD1MCJkhcQACLZfqTxMgxEHIE=,qDiGk674TpMPJRpSSrc19SHDj1kdnzJyCBdRAnGlBB8=
AAClhuje6D69yzSbgtuD1MCJkhcQACLZfqTxMgxEHIE=,ztY4LQoZ1uJblDz0f1iUz6tAs5HKC6RPbni/oI9kaRs=
AAClhuje6D69yzSbgtuD1MCJkhcQACLZfqTxMgxEHIE=,1zIiDB5Kk+jjOzZaepYdjV7vBtlDcjNkxRYnr7hp+UM=
AA80/+/XU2gxsK/nUitBFI4odxWPXmIoac3TdgFRq3w=,8/HwxIkAhZs6JYaYa1SkW1VKlgYAlD+B2ESjkgCq8j8=
AA80/+/XU2gxsK/nUitBFI4odxWPXmIoac3TdgFRq3w=,5tYEjyxWgc0S066nBPB+Nx402i+hUaA6FBe7B0aTJo4=
AA80/+/XU2gxsK/nUitBFI4odxWPXmIoac3TdgFRq3w=,1zIiDB5Kk+jjOzZaepYdjV7vBtlDcjNkxRYnr7hp+UM=
AAhZ4d4voixpwuvijhS2ScpZ0yGvL79Wkb6PEdxns80=,CwKWTvbvs//JYC4/ezkN3WTIcaD0Lg9aTQ7SxoGy4QE=
AAhZ4d4voixpwuvijhS2ScpZ0yGvL79Wkb6PEdxns80=,t5JupF2j8PKZWU0IsjtnMXr/mnKbuOdlpt3jF7x5nIE=
AAhZ4d4voixpwuvijhS2ScpZ0yGvL79Wkb6PEdxns80=,1zIiDB5Kk+jjOzZaepYdjV7vBtlDcjNkxRYnr7hp+UM=
AAKvyh2UvhLZfpBjGDDto/xoyE5NgF17gdV8G7IhsoU=,7+7En/hR2x6hz20ioBukQ+auFUStHPJsC4BuUlGjQms=
AAKvyh2UvhLZfpBjGDDto/xoyE5NgF17gdV8G7IhsoU=,pOnPrdyPl7PF3NUXNqtEq5FKclwV+yS1ThUE/HpZG8U=
AAKvyh2UvhLZfpBjGDDto/xoyE5NgF17gdV8G7IhsoU=,1zIiDB5Kk+jjOzZaepYdjV7vBtlDcjNkxRYnr7hp+UM=
AAKVeC7dgDKOSmUDBdqpVWOZx/EPR9DG4HEoLbv6baI=,+pn4UEEvwmfbqwYolex/t3vztJNL2SmokM7SOtWjsIc=
AAKVeC7dgDKOSmUDBdqpVWOZx/EPR9DG4HEoLbv6baI=,zX+o4QbZ49AKSHDPj9K18Jc/I9N37T9SlmFDbSz0ZN8=
AAKVeC7dgDKOSmUDBdqpVWOZx/EPR9DG4HEoLbv6baI=,1zIiDB5Kk+jjOzZaepYdjV7vBtlDcjNkxRYnr7hp+UM=
AAy9f/+uaZhiEncflFsaK97+6f9HOBQIgDGvaYIOhxg=,1/GyKcn0JTABSwkp1S1XlGykd+LXBhPxK/BFn1IHBVA=
AAy9f/+uaZhiEncflFsaK97+6f9HOBQIgDGvaYIOhxg=,Vn/5QLp7h+ZLijhZCd7YQdedGkYBtUKPhlfd6tK+/TE=
AAy9f/+uaZhiEncflFsaK97+6f9HOBQIgDGvaYIOhxg=,1zIiDB5Kk+jjOzZaepYdjV7vBtlDcjNkxRYnr7hp+UM=
AAM4auFcfhKUCWUvKKdDlzPTeX64XP2BCaeXxQ3QZ8g=,qmzSFpRgBQ31Fl/l+EtliACFIuEJW554InrFNj1CoP8=
AAM4auFcfhKUCWUvKKdDlzPTeX64XP2BCaeXxQ3QZ8g=,y0iovh2f1HKLOuUNp6im1N9WvN2Cw+ExjvmwoNvVgDM=
ADgiGz05aNl2DylytHeYuME85r1kLIqdxVhZBvzsHSo=,qmzSFpRgBQ31Fl/l+EtliACFIuEJW554InrFNj1CoP8=
ADgiGz05aNl2DylytHeYuME85r1kLIqdxVhZBvzsHSo=,NoMFET8iJE6tQAGvnZnakb6+22sWn4Ff8sAuAtPc/3c=
AD12/s9/JEBqavPRoVCN/DOGGf0OzhlK2qBBh52Xk1g=,qmzSFpRgBQ31Fl/l+EtliACFIuEJW554InrFNj1CoP8=
AD12/s9/JEBqavPRoVCN/DOGGf0OzhlK2qBBh52Xk1g=,zqKppinglCJcFliq67zamHyhVCmLTBrqXue1EsI/viM=
AHUnYTVK5rQz6r4rNwo+4cxEajfhQMKzyVrsqxHOZHg=,qmzSFpRgBQ31Fl/l+EtliACFIuEJW554InrFNj1CoP8=
AHUnYTVK5rQz6r4rNwo+4cxEajfhQMKzyVrsqxHOZHg=,/ER0/wMY1UmKDhitJVVTEhynQk0/cZ5fcP0jeAlfdag=
ACrmFBkH99lrR340bj3+CrSB6VKOoCPxESfYWzqTzdc=,qmzSFpRgBQ31Fl/l+EtliACFIuEJW554InrFNj1CoP8=
ACrmFBkH99lrR340bj3+CrSB6VKOoCPxESfYWzqTzdc=,ajEsgTwo1uc3wnluZ0eyv9Oae0JURCZPm0MfxMqYKEI=
AHQ82rErgb+BBk8o60+2yfgfm6oadYZgfPzGQHLi+Do=,qmzSFpRgBQ31Fl/l+EtliACFIuEJW554InrFNj1CoP8=
AHQ82rErgb+BBk8o60+2yfgfm6oadYZgfPzGQHLi+Do=,0Bnwhx/BoH+eKLkvBHyGWc00eS27+DWIp7cigVLbZrs=
AFypbp2XqxmxbEyLBIINGoPUYr/cdjlNOHaWmgENwb4=,qmzSFpRgBQ31Fl/l+EtliACFIuEJW554InrFNj1CoP8=
AFypbp2XqxmxbEyLBIINGoPUYr/cdjlNOHaWmgENwb4=,gcvzI/duMOtpSc6vdEstvYGOv+LH39qx1smXVsLo+ZQ=
AAKzYexM4mBngNnUBnO5/kPZ0vIE4VzT2WMo4SfQrGU=,qmzSFpRgBQ31Fl/l+EtliACFIuEJW554InrFNj1CoP8=
AAKzYexM4mBngNnUBnO5/kPZ0vIE4VzT2WMo4SfQrGU=,jIxzc3eqf5YL7dCqeSvwLVD6siybBZgPvhG2HU5/R2M=
ABLVzyzVMQ15/DmwLOb2EvLESjwXK6Be0ZN6YKOpPXg=,qmzSFpRgBQ31Fl/l+EtliACFIuEJW554InrFNj1CoP8=
ABLVzyzVMQ15/DmwLOb2EvLESjwXK6Be0ZN6YKOpPXg=,3ldV3tnEO2nLNdr2xjLcVbqSFQ59GBE64ltyGHAmnd4=
AC7tsZtm61f/ftFT0ZMIPhUpSYipuCSH4ONICOYVq5g=,qmzSFpRgBQ31Fl/l+EtliACFIuEJW554InrFNj1CoP8=
AC7tsZtm61f/ftFT0ZMIPhUpSYipuCSH4ONICOYVq5g=,jVZ6zYJefVgq/PrIxhNwbipWRDEa6sxRmZYP78Oc2GU=
AAds/4K1ETEjae19/ibCejPeiWqApIxEImIxWkqjfbA=,F11wLdswDpIIzsOp/87w692/+XrHmKa8760rojIYrog=
